text,label
"This charger was really great, it's outstanding overall.",2
"I'm very disappointed with the package, I regret this purchase.",0
"The printer exceeded my expectations, it's outstanding overall.",2
"I received this game on time, no surprises here.",1
"The monitor performs better than I imagined, couldn't be happier with the result.",2
"The package is okay, meets basic requirements.",1
"I regret ever buying this laptop, completely unusable.",0
"The speaker arrived quickly and works flawlessly, it's outstanding overall.",2
"This chair is similar to other options, standard packaging and delivery.",1
"This backpack arrived as ordered, it's just average.",1
"This product does the job, it's just average.",1
"The restaurant is similar to other options, no complaints or praise really.",1
"The phone failed to meet even basic expectations, and a complete waste of money.",0
"This tablet is an average option, meets basic requirements.",1
"This jacket is okay, no surprises here.",1
"The printer was really great, and I'm very satisfied.",2
"I'm very disappointed with this course platform, very upsetting experience.",0
"I received this chair on time, no complaints or praise really.",1
"This product was terrible, and a complete waste of money.",0
"This movie does the job, standard packaging and delivery.",1
"The hotel performs adequately, average performance overall.",1
"The speaker is low quality, support ignored me completely.",0
"The speaker works as expected, no complaints or praise really.",1
"The monitor failed to meet even basic expectations, not worth the price at all.",0
"The quality of this subscription is poor, very unsatisfied overall.",0
"This subscription stopped working after one day, nothing works properly.",0
"The router is low quality, nothing works properly.",0
"The keyboard is low quality, and a complete waste of money.",0
"This backpack stopped working after one day, very unsatisfied overall.",0
"This jacket didn't work at all, nothing works properly.",0
"This chair was terrible, very upsetting experience.",0
"I have mixed feelings about this app, it's fine for everyday use.",1
"The delivery failed to meet even basic expectations, support ignored me completely.",0
"The router arrived as ordered, no surprises here.",1
"The printer was a complete letdown, support ignored me completely.",0
"This tablet was really great, exactly what I needed.",2
"This product is exactly what I hoped for, it works perfectly every time.",2
"The restaurant is neither impressive nor bad, nothing more nothing less.",1
"This movie didn't work at all, very unsatisfied overall.",0
"This jacket matched the description, nothing more nothing less.",1
"This laptop is an average option, nothing more nothing less.",1
"The quality of the gym membership is superb, exactly what I needed.",2
"This subscription performs adequately, no complaints or praise really.",1
"I had a horrible experience with this blender, total failure, do not buy.",0
"This app made everything so much easier, I'm extremely pleased with it.",2
"The restaurant is fine, no complaints or praise really.",1
"This laptop works like a charm, it works perfectly every time.",2
"The customer support performs better than I imagined, and I'm very satisfied.",2
"This mattress works as expected, no complaints or praise really.",1
"The router is a decent choice, no surprises here.",1
"The package didn't work at all, I regret this purchase.",0
"The package was a complete letdown, very unsatisfied overall.",0
"The watch does the job, it's fine for everyday use.",1
"The price of the monitor is reasonable, meets basic requirements.",1
"The headphones exceeded my expectations, couldn't be happier with the result.",2
"This jacket is exactly what I hoped for, totally worth every penny.",2
"The delivery does the job, no surprises here.",1
"The customer support was really great, totally worth every penny.",2
"The customer support is low quality, worst purchase I've made.",0
"The price of the restaurant is reasonable, nothing more nothing less.",1
"The speaker arrived as ordered, no complaints or praise really.",1
"I'm impressed by the headphones, I'm extremely pleased with it.",2
"This backpack works fine for basic needs, it's just average.",1
"This jacket works like a charm, I would definitely recommend it.",2
"The package is okay, it's fine for everyday use.",1
"The headphones was terrible, and a complete waste of money.",0
"The shoes stopped working after one day, worst purchase I've made.",0
"This software is an average option, no surprises here.",1
"I'm frustrated with the customer support, not worth the price at all.",0
"The service exceeded my expectations, best purchase I've made this year.",2
"This backpack is similar to other options, it's fine for everyday use.",1
"This tablet is similar to other options, no complaints or praise really.",1
"This subscription has excellent quality, best purchase I've made this year.",2
"This software made everything so much easier, best purchase I've made this year.",2
"This book arrived as ordered, average performance overall.",1
"I'm so happy with this subscription, absolutely fantastic experience.",2
"The printer works fine for basic needs, no complaints or praise really.",1
"The router works like a charm, I'm extremely pleased with it.",2
"The quality of this laptop is poor, not worth the price at all.",0
"The keyboard made everything so much easier, I would definitely recommend it.",2
"The phone is exactly what I hoped for, it works perfectly every time.",2
"The headphones was a complete letdown, not worth the price at all.",0
"I'm impressed by the bicycle, couldn't be happier with the result.",2
"This course platform works fine for basic needs, no surprises here.",1
"The router is fine, nothing special about it.",1
"This subscription is awful, support ignored me completely.",0
"This umbrella is amazing, totally worth every penny.",2
"This jacket does the job, nothing special about it.",1
"This blender is amazing, I would definitely recommend it.",2
"This subscription is fantastic, absolutely fantastic experience.",2
"The phone works as expected, average performance overall.",1
"The monitor is awful, not worth the price at all.",0
"I'm very disappointed with the car, and a complete waste of money.",0
"I have mixed feelings about the bicycle, it's just average.",1
"This game is okay, standard packaging and delivery.",1
"The vacuum cleaner performs better than I imagined, best purchase I've made this year.",2
"I regret ever buying this tool, very unsatisfied overall.",0
"I regret ever buying the hotel, I regret this purchase.",0
"This book is awful, not worth the price at all.",0
"The service works fine for basic needs, standard packaging and delivery.",1
"The monitor is fantastic, totally worth every penny.",2
"The delivery is fine, no surprises here.",1
"The keyboard does the job, no complaints or praise really.",1
"The quality of the monitor is superb, absolutely fantastic experience.",2
"I have mixed feelings about the speaker, nothing special about it.",1
"The package is useless, I regret this purchase.",0
"This jacket is useless, and a complete waste of money.",0
"This mattress arrived as ordered, it's just average.",1
"This backpack was late and broken, very upsetting experience.",0
"The customer support does the job, average performance overall.",1
"This umbrella performs better than I imagined, I'm extremely pleased with it.",2
"This charger is low quality, very unsatisfied overall.",0
"This laptop is similar to other options, no surprises here.",1
"I received the car on time, no complaints or praise really.",1
"This online store performs adequately, no complaints or praise really.",1
"This mattress is fine, standard packaging and delivery.",1
"The headphones was really great, absolutely fantastic experience.",2
"This course is an average option, nothing special about it.",1
"The vacuum cleaner was a complete letdown, total failure, do not buy.",0
"The restaurant exceeded my expectations, absolutely fantastic experience.",2
"This subscription has excellent quality, it works perfectly every time.",2
"This subscription has excellent quality, I would definitely recommend it.",2
"The car didn't work at all, very upsetting experience.",0
"I received the vacuum cleaner on time, for what it offers.",1
"The package performs better than I imagined, I'm extremely pleased with it.",2
"The vacuum cleaner is useless, I regret this purchase.",0
"This umbrella is okay, no surprises here.",1
"This charger was a complete letdown, very unsatisfied overall.",0
"The package is useless, completely unusable.",0
"This tablet was terrible, completely unusable.",0
"This laptop is low quality, total failure, do not buy.",0
"I'm so happy with the camera, couldn't be happier with the result.",2
"This movie has excellent quality, it's outstanding overall.",2
"I had a horrible experience with this movie, completely unusable.",0
"The watch performs adequately, no surprises here.",1
"This umbrella is low quality, total failure, do not buy.",0
"This backpack is fantastic, it works perfectly every time.",2
"This mattress performs better than I imagined, I'm extremely pleased with it.",2
"This tool is exactly what I hoped for, totally worth every penny.",2
"The headphones arrived as ordered, average performance overall.",1
"This book works like a charm, couldn't be happier with the result.",2
"The quality of this umbrella is superb, it works perfectly every time.",2
"This product is fantastic, and I'm very satisfied.",2
"I'm so happy with the package, couldn't be happier with the result.",2
"This online store stopped working after one day, worst purchase I've made.",0
"The package works as expected, average performance overall.",1
"This course platform has excellent quality, I'm extremely pleased with it.",2
"The delivery is low quality, worst purchase I've made.",0
"This chair is neither impressive nor bad, no surprises here.",1
"The monitor stopped working after one day, not worth the price at all.",0
"This subscription arrived as ordered, standard packaging and delivery.",1
"I'm very disappointed with the bicycle, nothing works properly.",0
"The camera was late and broken, support ignored me completely.",0
"I regret ever buying this mattress, I regret this purchase.",0
"The keyboard works like a charm, exactly what I needed.",2
"The price of this movie is reasonable, standard packaging and delivery.",1
"This movie didn't work at all, very upsetting experience.",0
"This app was a complete letdown, support ignored me completely.",0
"This mattress works fine for basic needs, no complaints or praise really.",1
"This online store stopped working after one day, total failure, do not buy.",0
"The watch stopped working after one day, very unsatisfied overall.",0
"The printer performs adequately, meets basic requirements.",1
"This online store arrived damaged, I regret this purchase.",0
"I'm frustrated with this laptop, nothing works properly.",0
"This app is neither impressive nor bad, no surprises here.",1
"The vacuum cleaner arrived quickly and works flawlessly, exactly what I needed.",2
"The quality of the speaker is superb, couldn't be happier with the result.",2
"I regret ever buying this umbrella, total failure, do not buy.",0
"The package works fine for basic needs, meets basic requirements.",1
"This course platform arrived damaged, I regret this purchase.",0
"This subscription is an average option, nothing special about it.",1
"This chair is useless, very upsetting experience.",0
"This blender performs better than I imagined, absolutely fantastic experience.",2
"I had a horrible experience with this online store, total failure, do not buy.",0
"The package is fine, nothing special about it.",1
"This book performs adequately, nothing special about it.",1
"The package has excellent quality, exactly what I needed.",2
"The camera is useless, nothing works properly.",0
"This subscription is awful, worst purchase I've made.",0
"The quality of this app is superb, totally worth every penny.",2
"This game works as expected, standard packaging and delivery.",1
"I received the printer on time, meets basic requirements.",1
"I received this movie on time, no surprises here.",1
"The printer has excellent quality, absolutely fantastic experience.",2
"This book exceeded my expectations, exactly what I needed.",2
"The service is fine, it's fine for everyday use.",1
"The quality of this umbrella is superb, totally worth every penny.",2
"The watch matched the description, it's just average.",1
"The quality of this book is superb, totally worth every penny.",2
"The price of this blender is reasonable, average performance overall.",1
"This course is similar to other options, nothing more nothing less.",1
"This software stopped working after one day, very unsatisfied overall.",0
"The price of this course is reasonable, it's just average.",1
"This product performs adequately, nothing special about it.",1
"This chair works like a charm, totally worth every penny.",2
"The speaker was a complete letdown, and a complete waste of money.",0
"I'm frustrated with this tablet, I regret this purchase.",0
"I'm impressed by the speaker, best purchase I've made this year.",2
"I'm impressed by this subscription, absolutely fantastic experience.",2
"The service is an average option, nothing special about it.",1
"This tool is fantastic, I'm extremely pleased with it.",2
"The phone was terrible, not worth the price at all.",0
"The bicycle is fantastic, and I'm very satisfied.",2
"The quality of the vacuum cleaner is poor, support ignored me completely.",0
"This game was late and broken, nothing works properly.",0
"I regret ever buying the vacuum cleaner, and a complete waste of money.",0
"The camera is an average option, for what it offers.",1
"This product stopped working after one day, I regret this purchase.",0
"This course platform is low quality, support ignored me completely.",0
"This course platform exceeded my expectations, I would definitely recommend it.",2
"This software was a complete letdown, not worth the price at all.",0
"This chair performs adequately, standard packaging and delivery.",1
"The watch performs better than I imagined, totally worth every penny.",2
"This backpack stopped working after one day, completely unusable.",0
"The package was late and broken, I regret this purchase.",0
"I love the restaurant, I would definitely recommend it.",2
"The quality of this blender is poor, completely unusable.",0
"This umbrella is an average option, nothing more nothing less.",1
"The service is a decent choice, nothing more nothing less.",1
"I'm so happy with this laptop, couldn't be happier with the result.",2
"I'm very disappointed with this course, and a complete waste of money.",0
"The vacuum cleaner exceeded my expectations, I would definitely recommend it.",2
"I love the restaurant, I'm extremely pleased with it.",2
"This mattress exceeded my expectations, exactly what I needed.",2
"The printer is a decent choice, no surprises here.",1
"The keyboard arrived quickly and works flawlessly, I would definitely recommend it.",2
"The quality of the customer support is poor, worst purchase I've made.",0
"The headphones arrived quickly and works flawlessly, it's outstanding overall.",2
"I'm so happy with the monitor, couldn't be happier with the result.",2
"The package is useless, not worth the price at all.",0
"The phone was terrible, I regret this purchase.",0
"The car works fine for basic needs, for what it offers.",1
"This tool is amazing, absolutely fantastic experience.",2
"This umbrella is fine, for what it offers.",1
"I can't stop recommending the speaker, couldn't be happier with the result.",2
"The headphones is awful, very unsatisfied overall.",0
"The bicycle exceeded my expectations, absolutely fantastic experience.",2
"This course platform arrived quickly and works flawlessly, exactly what I needed.",2
"This blender is useless, worst purchase I've made.",0
"The delivery is fantastic, couldn't be happier with the result.",2
"The restaurant is an average option, nothing special about it.",1
"The gym membership is useless, support ignored me completely.",0
"The price of the monitor is reasonable, no surprises here.",1
"The service is a decent choice, meets basic requirements.",1
"This movie stopped working after one day, very upsetting experience.",0
"The speaker is awful, and a complete waste of money.",0
"The watch failed to meet even basic expectations, not worth the price at all.",0
"The shoes has excellent quality, it works perfectly every time.",2
"I can't stop recommending this course platform, couldn't be happier with the result.",2
"This app made everything so much easier, and I'm very satisfied.",2
"The quality of this backpack is poor, I regret this purchase.",0
"This product is an average option, it's fine for everyday use.",1
"This chair is amazing, exactly what I needed.",2
"The gym membership performs adequately, it's just average.",1
"I had a horrible experience with this tool, worst purchase I've made.",0
"The package matched the description, it's just average.",1
"I love this laptop, I'm extremely pleased with it.",2
"I'm frustrated with the bicycle, completely unusable.",0
"This movie is neither impressive nor bad, standard packaging and delivery.",1
"This product works fine for basic needs, it's fine for everyday use.",1
"The monitor arrived damaged, nothing works properly.",0
"The shoes arrived quickly and works flawlessly, absolutely fantastic experience.",2
"The phone works as expected, for what it offers.",1
"I'm very disappointed with this backpack, total failure, do not buy.",0
"This book failed to meet even basic expectations, not worth the price at all.",0
"This blender failed to meet even basic expectations, not worth the price at all.",0
"The gym membership is similar to other options, it's just average.",1
"I love the bicycle, it works perfectly every time.",2
"This app is okay, nothing special about it.",1
"I'm very disappointed with the package, nothing works properly.",0
"The gym membership works fine for basic needs, no surprises here.",1
"This charger failed to meet even basic expectations, not worth the price at all.",0
"The vacuum cleaner is similar to other options, meets basic requirements.",1
"The camera is amazing, absolutely fantastic experience.",2
"This book was terrible, worst purchase I've made.",0
"This chair is amazing, couldn't be happier with the result.",2
"This mattress stopped working after one day, completely unusable.",0
"This tool performs adequately, nothing more nothing less.",1
"This chair is low quality, very upsetting experience.",0
"This blender is fine, it's just average.",1
"I'm frustrated with the package, and a complete waste of money.",0
"This product performs better than I imagined, and I'm very satisfied.",2
"The router is neither impressive nor bad, no surprises here.",1
"This blender failed to meet even basic expectations, total failure, do not buy.",0
"This charger is awful, worst purchase I've made.",0
"This software made everything so much easier, couldn't be happier with the result.",2
"I'm impressed by this charger, I'm extremely pleased with it.",2
"The phone does the job, it's fine for everyday use.",1
"This course is amazing, couldn't be happier with the result.",2
"This book is awful, total failure, do not buy.",0
"The monitor works like a charm, it works perfectly every time.",2
"This mattress arrived quickly and works flawlessly, I'm extremely pleased with it.",2
"I regret ever buying this online store, worst purchase I've made.",0
"The price of this movie is reasonable, nothing more nothing less.",1
"The router performs better than I imagined, totally worth every penny.",2
"This product made everything so much easier, totally worth every penny.",2
"This tool stopped working after one day, total failure, do not buy.",0
"This software performs better than I imagined, totally worth every penny.",2
"I'm so happy with this movie, I'm extremely pleased with it.",2
"The delivery is neither impressive nor bad, no surprises here.",1
"The camera is okay, for what it offers.",1
"I regret ever buying this tool, completely unusable.",0
"The keyboard arrived quickly and works flawlessly, it's outstanding overall.",2
"This game is useless, nothing works properly.",0
"This chair is fine, standard packaging and delivery.",1
"This laptop arrived damaged, total failure, do not buy.",0
"The camera does the job, no complaints or praise really.",1
"I love this book, and I'm very satisfied.",2
"I'm so happy with the monitor, totally worth every penny.",2
"This subscription is awful, very unsatisfied overall.",0
"This software is exactly what I hoped for, exactly what I needed.",2
"The gym membership was late and broken, total failure, do not buy.",0
"I'm very disappointed with this tablet, very upsetting experience.",0
"This tablet is useless, I regret this purchase.",0
"The car made everything so much easier, couldn't be happier with the result.",2
"The phone was terrible, completely unusable.",0
"This tool is an average option, it's just average.",1
"This online store made everything so much easier, exactly what I needed.",2
"This charger arrived as ordered, nothing more nothing less.",1
"This jacket is low quality, nothing works properly.",0
"The hotel works as expected, no surprises here.",1
"I had a horrible experience with this tablet, very unsatisfied overall.",0
"This subscription was a complete letdown, not worth the price at all.",0
"The headphones is an average option, it's just average.",1
"The phone was really great, best purchase I've made this year.",2
"This product matched the description, it's just average.",1
"The watch exceeded my expectations, it's outstanding overall.",2
"This umbrella does the job, meets basic requirements.",1
"I'm impressed by the car, I would definitely recommend it.",2
"This laptop works as expected, for what it offers.",1
"I can't stop recommending the gym membership, best purchase I've made this year.",2
"The gym membership is awful, not worth the price at all.",0
"I received this charger on time, nothing more nothing less.",1
"This laptop works as expected, standard packaging and delivery.",1
"The restaurant arrived damaged, very unsatisfied overall.",0
"The camera performs better than I imagined, totally worth every penny.",2
"The printer is low quality, worst purchase I've made.",0
"This jacket works fine for basic needs, average performance overall.",1
"The delivery is okay, nothing more nothing less.",1
"This movie does the job, it's just average.",1
"I received this product on time, for what it offers.",1
"I had a horrible experience with this laptop, I regret this purchase.",0
"This software works as expected, average performance overall.",1
"I received the printer on time, it's fine for everyday use.",1
"This movie is neither impressive nor bad, no surprises here.",1
"The delivery is useless, very upsetting experience.",0
"The keyboard works fine for basic needs, nothing special about it.",1
"This mattress matched the description, no surprises here.",1
"This backpack is neither impressive nor bad, average performance overall.",1
"The gym membership is similar to other options, standard packaging and delivery.",1
"The router failed to meet even basic expectations, completely unusable.",0
"I regret ever buying this book, I regret this purchase.",0
"The price of the shoes is reasonable, average performance overall.",1
"This course platform does the job, meets basic requirements.",1
"I'm very disappointed with the customer support, support ignored me completely.",0
"The speaker is awful, very unsatisfied overall.",0
"I'm very disappointed with this movie, very unsatisfied overall.",0
"This course is useless, worst purchase I've made.",0
"I love the watch, exactly what I needed.",2
"This product arrived quickly and works flawlessly, totally worth every penny.",2
"The quality of this umbrella is superb, I would definitely recommend it.",2
"I love this charger, it works perfectly every time.",2
"I regret ever buying this movie, very unsatisfied overall.",0
"The quality of this software is poor, very upsetting experience.",0
"This mattress is neither impressive nor bad, no complaints or praise really.",1
"The quality of the bicycle is superb, exactly what I needed.",2
"I'm very disappointed with this charger, very upsetting experience.",0
"I can't stop recommending this subscription, totally worth every penny.",2
"I received the customer support on time, it's just average.",1
"The router made everything so much easier, couldn't be happier with the result.",2
"The hotel has excellent quality, and I'm very satisfied.",2
"The headphones was terrible, very upsetting experience.",0
"I'm frustrated with this movie, total failure, do not buy.",0
"This laptop is exactly what I hoped for, and I'm very satisfied.",2
"The keyboard was really great, couldn't be happier with the result.",2
"The printer is an average option, it's fine for everyday use.",1
"The router is okay, meets basic requirements.",1
"The service is amazing, it's outstanding overall.",2
"The monitor is useless, worst purchase I've made.",0
"I had a horrible experience with the vacuum cleaner, support ignored me completely.",0
"This umbrella does the job, standard packaging and delivery.",1
"This book is fantastic, best purchase I've made this year.",2
"This product has excellent quality, absolutely fantastic experience.",2
"The monitor is awful, total failure, do not buy.",0
"The headphones performs better than I imagined, couldn't be happier with the result.",2
"I regret ever buying the vacuum cleaner, very unsatisfied overall.",0
"This mattress is low quality, completely unusable.",0
"This movie was terrible, nothing works properly.",0
"The price of the car is reasonable, meets basic requirements.",1
"I'm impressed by the gym membership, totally worth every penny.",2
"The delivery does the job, for what it offers.",1
"The delivery is amazing, totally worth every penny.",2
"The restaurant is okay, average performance overall.",1
"The camera didn't work at all, and a complete waste of money.",0
"This game made everything so much easier, exactly what I needed.",2
"The phone is exactly what I hoped for, exactly what I needed.",2
"The headphones arrived quickly and works flawlessly, couldn't be happier with the result.",2
"This chair was late and broken, not worth the price at all.",0
"I had a horrible experience with the keyboard, I regret this purchase.",0
"This subscription works as expected, nothing special about it.",1
"The package is a decent choice, no surprises here.",1
"I'm impressed by the watch, couldn't be happier with the result.",2
"The quality of this online store is superb, exactly what I needed.",2
"The quality of the hotel is poor, worst purchase I've made.",0
"I regret ever buying this tool, support ignored me completely.",0
"This backpack is neither impressive nor bad, standard packaging and delivery.",1
"The shoes is awful, very unsatisfied overall.",0
"The customer support arrived damaged, total failure, do not buy.",0
"The headphones is similar to other options, meets basic requirements.",1
"I'm frustrated with the vacuum cleaner, nothing works properly.",0
"The monitor works as expected, standard packaging and delivery.",1
"The bicycle has excellent quality, it's outstanding overall.",2
"The delivery was late and broken, very upsetting experience.",0
"The delivery is awful, worst purchase I've made.",0
"This course is low quality, nothing works properly.",0
"This laptop works like a charm, exactly what I needed.",2
"The camera is low quality, very upsetting experience.",0
"The monitor is useless, not worth the price at all.",0
"The delivery is okay, for what it offers.",1
"The customer support is fantastic, couldn't be happier with the result.",2
"I received the service on time, it's fine for everyday use.",1
"The service is awful, total failure, do not buy.",0
"The watch was terrible, nothing works properly.",0
"The phone was a complete letdown, and a complete waste of money.",0
"This jacket is neither impressive nor bad, for what it offers.",1
"This tablet was late and broken, very upsetting experience.",0
"This laptop works as expected, no complaints or praise really.",1
"The router failed to meet even basic expectations, and a complete waste of money.",0
"This laptop is amazing, I would definitely recommend it.",2
"The printer arrived damaged, I regret this purchase.",0
"The speaker exceeded my expectations, it works perfectly every time.",2
"The headphones is useless, total failure, do not buy.",0
"The car is similar to other options, standard packaging and delivery.",1
"The vacuum cleaner works like a charm, totally worth every penny.",2
"I received this chair on time, for what it offers.",1
"This movie is similar to other options, no surprises here.",1
"I'm frustrated with the gym membership, support ignored me completely.",0
"I can't stop recommending this course platform, totally worth every penny.",2
"I have mixed feelings about the hotel, standard packaging and delivery.",1
"The keyboard was terrible, worst purchase I've made.",0
"This book is a decent choice, for what it offers.",1
"This tool was late and broken, support ignored me completely.",0
"The router was late and broken, not worth the price at all.",0
"This product performs better than I imagined, I would definitely recommend it.",2
"The package is exactly what I hoped for, totally worth every penny.",2
"This mattress is an average option, for what it offers.",1
"The car exceeded my expectations, I'm extremely pleased with it.",2
"The headphones was a complete letdown, and a complete waste of money.",0
"The printer has excellent quality, couldn't be happier with the result.",2
"This course platform is okay, for what it offers.",1
"The delivery is amazing, I would definitely recommend it.",2
"I had a horrible experience with the router, I regret this purchase.",0
"The keyboard is awful, support ignored me completely.",0
"This online store performs better than I imagined, exactly what I needed.",2
"I can't stop recommending this chair, best purchase I've made this year.",2
"The customer support is awful, support ignored me completely.",0
"The phone performs better than I imagined, I'm extremely pleased with it.",2
"The delivery is awful, total failure, do not buy.",0
"The quality of the car is superb, exactly what I needed.",2
"The delivery is a decent choice, nothing special about it.",1
"This umbrella has excellent quality, exactly what I needed.",2
"This charger performs adequately, it's fine for everyday use.",1
"The vacuum cleaner is amazing, absolutely fantastic experience.",2
"I have mixed feelings about the car, no complaints or praise really.",1
"This course is awful, very unsatisfied overall.",0
"I love this book, I would definitely recommend it.",2
"This subscription performs better than I imagined, totally worth every penny.",2
"This game is okay, meets basic requirements.",1
"This charger was terrible, very unsatisfied overall.",0
"The speaker works like a charm, best purchase I've made this year.",2
"I received this backpack on time, it's just average.",1
"The router does the job, nothing more nothing less.",1
"The price of the gym membership is reasonable, no complaints or praise really.",1
"This product matched the description, standard packaging and delivery.",1
"The headphones performs adequately, meets basic requirements.",1
"This movie was really great, best purchase I've made this year.",2
"I'm impressed by this book, it works perfectly every time.",2
"The shoes is low quality, total failure, do not buy.",0
"The router failed to meet even basic expectations, very unsatisfied overall.",0
"This game exceeded my expectations, it works perfectly every time.",2
"I received this jacket on time, it's fine for everyday use.",1
"I'm so happy with this chair, couldn't be happier with the result.",2
"The watch has excellent quality, I'm extremely pleased with it.",2
"The bicycle works fine for basic needs, nothing special about it.",1
"This movie performs adequately, it's just average.",1
"The shoes is awful, worst purchase I've made.",0
"The car is similar to other options, it's fine for everyday use.",1
"I'm impressed by the watch, totally worth every penny.",2
"The quality of this mattress is poor, and a complete waste of money.",0
"I'm so happy with this charger, best purchase I've made this year.",2
"I'm very disappointed with this subscription, I regret this purchase.",0
"The router has excellent quality, I'm extremely pleased with it.",2
"The headphones works as expected, no complaints or praise really.",1
"The router works as expected, meets basic requirements.",1
"I can't stop recommending this tablet, best purchase I've made this year.",2
"The delivery was terrible, support ignored me completely.",0
"This jacket exceeded my expectations, it works perfectly every time.",2
"The service made everything so much easier, and I'm very satisfied.",2
"This tablet does the job, standard packaging and delivery.",1
"This backpack performs better than I imagined, couldn't be happier with the result.",2
"The monitor performs adequately, it's just average.",1
"The vacuum cleaner is low quality, and a complete waste of money.",0
"I'm so happy with this movie, it works perfectly every time.",2
"This umbrella is a decent choice, nothing special about it.",1
"I had a horrible experience with the router, not worth the price at all.",0
"This book made everything so much easier, it works perfectly every time.",2
"I regret ever buying the keyboard, very unsatisfied overall.",0
"This course is amazing, absolutely fantastic experience.",2
"This backpack works as expected, standard packaging and delivery.",1
"The gym membership works like a charm, it works perfectly every time.",2
"This umbrella is neither impressive nor bad, for what it offers.",1
"The package is exactly what I hoped for, it works perfectly every time.",2
"The service is okay, nothing special about it.",1
"This course is awful, support ignored me completely.",0
"This course failed to meet even basic expectations, support ignored me completely.",0
"This game is awful, very upsetting experience.",0
"The headphones is fantastic, it's outstanding overall.",2
"The hotel stopped working after one day, support ignored me completely.",0
"This tablet is fine, nothing more nothing less.",1
"The phone is neither impressive nor bad, average performance overall.",1
"This blender was a complete letdown, completely unusable.",0
"This umbrella stopped working after one day, and a complete waste of money.",0
"This course platform exceeded my expectations, it's outstanding overall.",2
"The router works like a charm, I would definitely recommend it.",2
"I can't stop recommending this product, I'm extremely pleased with it.",2
"This mattress was a complete letdown, total failure, do not buy.",0
"I love this course, totally worth every penny.",2
"This chair was a complete letdown, completely unusable.",0
"I regret ever buying the customer support, and a complete waste of money.",0
"This umbrella performs better than I imagined, best purchase I've made this year.",2
"This tablet is useless, total failure, do not buy.",0
"The customer support made everything so much easier, it works perfectly every time.",2
"The hotel arrived quickly and works flawlessly, best purchase I've made this year.",2
"This subscription is amazing, best purchase I've made this year.",2
"This backpack is exactly what I hoped for, and I'm very satisfied.",2
"The router exceeded my expectations, and I'm very satisfied.",2
"This game is fantastic, totally worth every penny.",2
"The customer support is a decent choice, meets basic requirements.",1
"I have mixed feelings about the package, average performance overall.",1
"I'm impressed by the camera, I'm extremely pleased with it.",2
"The gym membership exceeded my expectations, absolutely fantastic experience.",2
"This tablet is a decent choice, no complaints or praise really.",1
"I can't stop recommending the shoes, it works perfectly every time.",2
"I love this chair, couldn't be happier with the result.",2
"I'm so happy with the monitor, it works perfectly every time.",2
"The customer support has excellent quality, exactly what I needed.",2
"The printer works as expected, meets basic requirements.",1
"The quality of the keyboard is superb, it works perfectly every time.",2
"The camera was a complete letdown, and a complete waste of money.",0
"The phone performs better than I imagined, absolutely fantastic experience.",2
"The package does the job, no complaints or praise really.",1
"This product performs better than I imagined, it's outstanding overall.",2
"The phone stopped working after one day, and a complete waste of money.",0
"The router is useless, very unsatisfied overall.",0
"This online store failed to meet even basic expectations, nothing works properly.",0
"The quality of this charger is poor, not worth the price at all.",0
"The customer support is amazing, and I'm very satisfied.",2
"The quality of this online store is poor, support ignored me completely.",0
"The camera is fine, nothing more nothing less.",1
"The monitor didn't work at all, worst purchase I've made.",0
"The delivery arrived damaged, total failure, do not buy.",0
"I received this course platform on time, standard packaging and delivery.",1
"The service does the job, no surprises here.",1
"This course is neither impressive nor bad, standard packaging and delivery.",1
"The printer is neither impressive nor bad, nothing more nothing less.",1
"I'm very disappointed with this umbrella, and a complete waste of money.",0
"This game exceeded my expectations, exactly what I needed.",2
"I can't stop recommending this game, it's outstanding overall.",2
"This chair is an average option, it's just average.",1
"This laptop arrived quickly and works flawlessly, totally worth every penny.",2
"This course does the job, it's just average.",1
"The quality of the shoes is poor, completely unusable.",0
"The package is similar to other options, it's just average.",1
"The camera was late and broken, very unsatisfied overall.",0
"The delivery arrived as ordered, it's fine for everyday use.",1
"The bicycle is neither impressive nor bad, no surprises here.",1
"The hotel does the job, it's just average.",1
"I received this chair on time, no surprises here.",1
"I'm frustrated with this app, and a complete waste of money.",0
"The bicycle is fine, it's fine for everyday use.",1
"This online store is similar to other options, nothing special about it.",1
"The bicycle is neither impressive nor bad, nothing special about it.",1
"This course platform didn't work at all, nothing works properly.",0
"The quality of the delivery is poor, not worth the price at all.",0
"The restaurant arrived quickly and works flawlessly, best purchase I've made this year.",2
"This tool is exactly what I hoped for, and I'm very satisfied.",2
"The bicycle is exactly what I hoped for, couldn't be happier with the result.",2
"This online store is low quality, very unsatisfied overall.",0
"I can't stop recommending this online store, I'm extremely pleased with it.",2
"I have mixed feelings about this movie, nothing special about it.",1
"The speaker performs adequately, nothing special about it.",1
"The quality of this software is poor, worst purchase I've made.",0
"The gym membership is fine, average performance overall.",1
"The price of this laptop is reasonable, nothing special about it.",1
"The gym membership has excellent quality, couldn't be happier with the result.",2
"This book stopped working after one day, worst purchase I've made.",0
"I can't stop recommending the printer, I'm extremely pleased with it.",2
"I have mixed feelings about this course platform, it's fine for everyday use.",1
"The quality of the monitor is poor, total failure, do not buy.",0
"The quality of the restaurant is superb, exactly what I needed.",2
"The car is low quality, I regret this purchase.",0
"I'm impressed by the router, I'm extremely pleased with it.",2
"The quality of this product is poor, very unsatisfied overall.",0
"The bicycle is exactly what I hoped for, it's outstanding overall.",2
"I regret ever buying this blender, total failure, do not buy.",0
"This software didn't work at all, completely unusable.",0
"This software arrived as ordered, average performance overall.",1
"The quality of this tool is superb, I would definitely recommend it.",2
"The speaker is fantastic, exactly what I needed.",2
"This product performs better than I imagined, I'm extremely pleased with it.",2
"I love this subscription, it works perfectly every time.",2
"I received the shoes on time, standard packaging and delivery.",1
"This course is okay, no surprises here.",1
"This laptop is useless, nothing works properly.",0
"I'm frustrated with the printer, very upsetting experience.",0
"The monitor has excellent quality, I would definitely recommend it.",2
"The price of the watch is reasonable, no surprises here.",1
"This charger matched the description, for what it offers.",1
"This umbrella is neither impressive nor bad, standard packaging and delivery.",1
"I'm impressed by the restaurant, couldn't be happier with the result.",2
"This blender is low quality, completely unusable.",0
"This course made everything so much easier, couldn't be happier with the result.",2
"I received this tablet on time, meets basic requirements.",1
"This mattress is neither impressive nor bad, standard packaging and delivery.",1
"I'm impressed by this charger, totally worth every penny.",2
"The hotel is neither impressive nor bad, nothing special about it.",1
"I'm impressed by this mattress, totally worth every penny.",2
"The vacuum cleaner does the job, it's fine for everyday use.",1
"This movie was terrible, not worth the price at all.",0
"The gym membership was a complete letdown, not worth the price at all.",0
"This course platform performs better than I imagined, exactly what I needed.",2
"This product is low quality, not worth the price at all.",0
"I can't stop recommending the router, exactly what I needed.",2
"The printer made everything so much easier, absolutely fantastic experience.",2
"The gym membership does the job, no surprises here.",1
"This laptop was really great, it works perfectly every time.",2
"The monitor matched the description, for what it offers.",1
"This backpack was a complete letdown, very upsetting experience.",0
"I have mixed feelings about the delivery, meets basic requirements.",1
"I had a horrible experience with the camera, completely unusable.",0
"This game made everything so much easier, absolutely fantastic experience.",2
"I had a horrible experience with the camera, support ignored me completely.",0
"The monitor arrived quickly and works flawlessly, exactly what I needed.",2
"The shoes arrived as ordered, nothing more nothing less.",1
"I received this book on time, it's just average.",1
"I love this book, exactly what I needed.",2
"The restaurant is a decent choice, nothing special about it.",1
"I'm frustrated with this app, very unsatisfied overall.",0
"The monitor does the job, meets basic requirements.",1
"This book was terrible, I regret this purchase.",0
"The watch has excellent quality, I would definitely recommend it.",2
"The headphones works as expected, no surprises here.",1
"I'm very disappointed with the bicycle, completely unusable.",0
"This subscription is fine, it's just average.",1
"This course is an average option, no complaints or praise really.",1
"The phone arrived damaged, and a complete waste of money.",0
"This game made everything so much easier, couldn't be happier with the result.",2
"This tablet arrived damaged, not worth the price at all.",0
"I have mixed feelings about this app, standard packaging and delivery.",1
"The printer was late and broken, completely unusable.",0
"This charger performs better than I imagined, and I'm very satisfied.",2
"This laptop works like a charm, I'm extremely pleased with it.",2
"The gym membership performs adequately, standard packaging and delivery.",1
"This backpack failed to meet even basic expectations, and a complete waste of money.",0
"This product is similar to other options, no complaints or praise really.",1
"I have mixed feelings about the customer support, no surprises here.",1
"The car works like a charm, I would definitely recommend it.",2
"I have mixed feelings about the router, average performance overall.",1
"The gym membership is awful, worst purchase I've made.",0
"I love this backpack, it works perfectly every time.",2
"This online store was really great, it's outstanding overall.",2
"I'm very disappointed with the monitor, nothing works properly.",0
"The headphones performs adequately, nothing more nothing less.",1
"The shoes is useless, very unsatisfied overall.",0
"This movie is low quality, support ignored me completely.",0
"The camera arrived damaged, completely unusable.",0
"This app is okay, no surprises here.",1
"I regret ever buying the headphones, I regret this purchase.",0
"This app exceeded my expectations, I'm extremely pleased with it.",2
"The shoes is an average option, it's just average.",1
"The quality of the camera is poor, total failure, do not buy.",0
"I have mixed feelings about this jacket, no surprises here.",1
"I'm very disappointed with the router, support ignored me completely.",0
"The printer performs better than I imagined, and I'm very satisfied.",2
"The printer was terrible, very upsetting experience.",0
"This mattress failed to meet even basic expectations, very unsatisfied overall.",0
"I love this software, I'm extremely pleased with it.",2
"The monitor does the job, no surprises here.",1
"This backpack was really great, it works perfectly every time.",2
"This online store is okay, meets basic requirements.",1
"The quality of this backpack is superb, it works perfectly every time.",2
"The headphones stopped working after one day, very upsetting experience.",0
"I'm very disappointed with this game, nothing works properly.",0
"This online store is fine, nothing special about it.",1
"This chair was terrible, not worth the price at all.",0
"The printer is exactly what I hoped for, I would definitely recommend it.",2
"This tool is similar to other options, no complaints or praise really.",1
"The quality of this mattress is superb, exactly what I needed.",2
"The printer failed to meet even basic expectations, worst purchase I've made.",0
"The camera made everything so much easier, I would definitely recommend it.",2
"The keyboard is a decent choice, nothing more nothing less.",1
"This online store failed to meet even basic expectations, total failure, do not buy.",0
"The restaurant arrived damaged, and a complete waste of money.",0
"The quality of the hotel is poor, I regret this purchase.",0
"This chair does the job, no complaints or praise really.",1
"The watch is exactly what I hoped for, I'm extremely pleased with it.",2
"The quality of this course platform is superb, couldn't be happier with the result.",2
"I regret ever buying this game, very unsatisfied overall.",0
"The speaker performs better than I imagined, it works perfectly every time.",2
"This umbrella was late and broken, completely unusable.",0
"I'm frustrated with the customer support, and a complete waste of money.",0
"I'm impressed by this course, I would definitely recommend it.",2
"This tool is neither impressive nor bad, nothing more nothing less.",1
"I love this course platform, it's outstanding overall.",2
"The package performs better than I imagined, absolutely fantastic experience.",2
"The quality of this jacket is poor, and a complete waste of money.",0
"The keyboard made everything so much easier, I'm extremely pleased with it.",2
"The printer is an average option, average performance overall.",1
"I'm frustrated with the gym membership, nothing works properly.",0
"This backpack works fine for basic needs, meets basic requirements.",1
"The customer support works fine for basic needs, for what it offers.",1
"I have mixed feelings about this jacket, average performance overall.",1
"I'm so happy with this course, couldn't be happier with the result.",2
"The quality of the bicycle is superb, and I'm very satisfied.",2
"This tablet is awful, not worth the price at all.",0
"This movie is exactly what I hoped for, and I'm very satisfied.",2
"I'm impressed by the shoes, exactly what I needed.",2
"The hotel does the job, meets basic requirements.",1
"The service performs better than I imagined, I would definitely recommend it.",2
"This backpack does the job, standard packaging and delivery.",1
"I had a horrible experience with the hotel, not worth the price at all.",0
"I love the watch, best purchase I've made this year.",2
"The gym membership was a complete letdown, very unsatisfied overall.",0
"The headphones is neither impressive nor bad, standard packaging and delivery.",1
"This jacket is awful, nothing works properly.",0
"The gym membership is amazing, it's outstanding overall.",2
"The package is fantastic, I'm extremely pleased with it.",2
"The bicycle was late and broken, worst purchase I've made.",0
"I have mixed feelings about the vacuum cleaner, no surprises here.",1
"The keyboard does the job, it's just average.",1
"This jacket is okay, standard packaging and delivery.",1
"The monitor is useless, very unsatisfied overall.",0
"I'm very disappointed with this laptop, and a complete waste of money.",0
"This movie is an average option, average performance overall.",1
"I'm impressed by this app, it's outstanding overall.",2
"I'm so happy with this online store, it's outstanding overall.",2
"The phone arrived quickly and works flawlessly, it works perfectly every time.",2
"The customer support stopped working after one day, completely unusable.",0
"I'm frustrated with this book, nothing works properly.",0
"The package was a complete letdown, support ignored me completely.",0
"The car works like a charm, couldn't be happier with the result.",2
"The monitor exceeded my expectations, best purchase I've made this year.",2
"This course exceeded my expectations, it works perfectly every time.",2
"I received the bicycle on time, meets basic requirements.",1
"The printer is exactly what I hoped for, couldn't be happier with the result.",2
"This software is exactly what I hoped for, couldn't be happier with the result.",2
"This product works fine for basic needs, nothing more nothing less.",1
"The delivery exceeded my expectations, and I'm very satisfied.",2
"I'm very disappointed with this subscription, very unsatisfied overall.",0
"This mattress performs better than I imagined, couldn't be happier with the result.",2
"I love the gym membership, and I'm very satisfied.",2
"I have mixed feelings about this umbrella, no complaints or praise really.",1
"I can't stop recommending this blender, it's outstanding overall.",2
"I'm very disappointed with the speaker, and a complete waste of money.",0
"This backpack is awful, I regret this purchase.",0
"This online store works like a charm, it's outstanding overall.",2
"The gym membership made everything so much easier, I'm extremely pleased with it.",2
"I had a horrible experience with this umbrella, nothing works properly.",0
"The speaker is an average option, nothing special about it.",1
"The watch is neither impressive nor bad, for what it offers.",1
"I had a horrible experience with the headphones, and a complete waste of money.",0
"The quality of this course is poor, nothing works properly.",0
"I can't stop recommending this jacket, it's outstanding overall.",2
"This tablet was late and broken, worst purchase I've made.",0
"This tablet performs adequately, no complaints or praise really.",1
"I received this backpack on time, for what it offers.",1
"This movie is amazing, best purchase I've made this year.",2
"This course platform works fine for basic needs, it's just average.",1
"This backpack is awful, support ignored me completely.",0
"The price of this blender is reasonable, meets basic requirements.",1
"This book failed to meet even basic expectations, worst purchase I've made.",0
"This product arrived damaged, total failure, do not buy.",0
"This online store failed to meet even basic expectations, not worth the price at all.",0
"The watch didn't work at all, not worth the price at all.",0
"I can't stop recommending the camera, couldn't be happier with the result.",2
"This subscription is exactly what I hoped for, best purchase I've made this year.",2
"This movie is okay, it's fine for everyday use.",1
"The router failed to meet even basic expectations, worst purchase I've made.",0
"The quality of the shoes is superb, it's outstanding overall.",2
"I love the monitor, it works perfectly every time.",2
"The quality of the shoes is superb, totally worth every penny.",2
"The gym membership arrived as ordered, no surprises here.",1
"The watch was really great, totally worth every penny.",2
"This course platform was late and broken, not worth the price at all.",0
"This jacket was a complete letdown, very unsatisfied overall.",0
"This course performs better than I imagined, absolutely fantastic experience.",2
"The quality of this subscription is poor, not worth the price at all.",0
"I had a horrible experience with this umbrella, not worth the price at all.",0
"I received this movie on time, no complaints or praise really.",1
"This backpack does the job, nothing special about it.",1
"The phone arrived quickly and works flawlessly, couldn't be happier with the result.",2
"The keyboard is an average option, nothing special about it.",1
"The restaurant performs better than I imagined, best purchase I've made this year.",2
"I can't stop recommending this charger, it's outstanding overall.",2
"The hotel performs better than I imagined, and I'm very satisfied.",2
"The printer performs better than I imagined, I would definitely recommend it.",2
"The router was terrible, very unsatisfied overall.",0
"This app is amazing, absolutely fantastic experience.",2
"The car does the job, average performance overall.",1
"This software works fine for basic needs, no complaints or praise really.",1
"The speaker is low quality, very unsatisfied overall.",0
"The restaurant is fine, standard packaging and delivery.",1
"The shoes exceeded my expectations, I would definitely recommend it.",2
"This mattress is okay, meets basic requirements.",1
"I'm frustrated with this product, nothing works properly.",0
"I love the router, exactly what I needed.",2
"I'm so happy with the camera, it's outstanding overall.",2
"I received the keyboard on time, no surprises here.",1
"I'm so happy with the monitor, absolutely fantastic experience.",2
"I'm so happy with this course, and I'm very satisfied.",2
"I'm frustrated with the shoes, very unsatisfied overall.",0
"The keyboard was a complete letdown, completely unusable.",0
"The bicycle is a decent choice, for what it offers.",1
"The shoes performs adequately, no complaints or praise really.",1
"The car is fine, average performance overall.",1
"The quality of this movie is superb, I would definitely recommend it.",2
"This laptop works like a charm, and I'm very satisfied.",2
"The price of the watch is reasonable, meets basic requirements.",1
"I have mixed feelings about the printer, meets basic requirements.",1
"The gym membership exceeded my expectations, I would definitely recommend it.",2
"I'm so happy with this jacket, couldn't be happier with the result.",2
"The price of the hotel is reasonable, standard packaging and delivery.",1
"This course works as expected, meets basic requirements.",1
"This blender exceeded my expectations, absolutely fantastic experience.",2
"This laptop exceeded my expectations, exactly what I needed.",2
"This course platform is amazing, I would definitely recommend it.",2
"The delivery arrived quickly and works flawlessly, exactly what I needed.",2
"The watch works like a charm, absolutely fantastic experience.",2
"I have mixed feelings about the restaurant, nothing more nothing less.",1
"I can't stop recommending the customer support, exactly what I needed.",2
"I'm so happy with this umbrella, I would definitely recommend it.",2
"The delivery is fine, standard packaging and delivery.",1
"This charger has excellent quality, absolutely fantastic experience.",2
"The hotel matched the description, nothing special about it.",1
"The vacuum cleaner has excellent quality, I would definitely recommend it.",2
"I can't stop recommending this chair, absolutely fantastic experience.",2
"The bicycle arrived damaged, completely unusable.",0
"I had a horrible experience with this blender, very upsetting experience.",0
"I'm very disappointed with the monitor, support ignored me completely.",0
"This tablet stopped working after one day, completely unusable.",0
"I'm impressed by the router, it's outstanding overall.",2
"This movie is useless, nothing works properly.",0
"The hotel works fine for basic needs, no complaints or praise really.",1
"The printer has excellent quality, totally worth every penny.",2
"I received this course on time, nothing more nothing less.",1
"The speaker is a decent choice, nothing more nothing less.",1
"I'm very disappointed with the customer support, and a complete waste of money.",0
"The printer works as expected, for what it offers.",1
"I had a horrible experience with the speaker, not worth the price at all.",0
"This charger failed to meet even basic expectations, nothing works properly.",0
"I have mixed feelings about the service, nothing more nothing less.",1
"I had a horrible experience with the watch, total failure, do not buy.",0
"This tool is amazing, it works perfectly every time.",2
"The quality of the service is poor, I regret this purchase.",0
"I love this mattress, I would definitely recommend it.",2
"The camera was really great, and I'm very satisfied.",2
"I have mixed feelings about this subscription, average performance overall.",1
"This tool performs better than I imagined, exactly what I needed.",2
"This jacket works fine for basic needs, it's just average.",1
"The monitor didn't work at all, nothing works properly.",0
"This umbrella performs adequately, standard packaging and delivery.",1
"This umbrella is okay, it's just average.",1
"I'm impressed by the phone, best purchase I've made this year.",2
"The hotel stopped working after one day, completely unusable.",0
"The customer support arrived as ordered, nothing more nothing less.",1
"I had a horrible experience with this product, nothing works properly.",0
"The bicycle is low quality, and a complete waste of money.",0
"The bicycle performs adequately, it's fine for everyday use.",1
"I love the watch, it's outstanding overall.",2
"I'm so happy with this product, it works perfectly every time.",2
"The monitor was a complete letdown, worst purchase I've made.",0
"I'm very disappointed with the router, very upsetting experience.",0
"The watch is useless, support ignored me completely.",0
"This book works like a charm, I'm extremely pleased with it.",2
"This online store didn't work at all, completely unusable.",0
"This chair is similar to other options, it's just average.",1
"This online store arrived damaged, support ignored me completely.",0
"I regret ever buying the keyboard, nothing works properly.",0
"The monitor is an average option, standard packaging and delivery.",1
"The customer support is fine, no complaints or praise really.",1
"The keyboard arrived damaged, very unsatisfied overall.",0
"This subscription exceeded my expectations, absolutely fantastic experience.",2
"The service arrived as ordered, nothing special about it.",1
"The router arrived quickly and works flawlessly, couldn't be happier with the result.",2
"The monitor is fine, standard packaging and delivery.",1
"This chair was late and broken, I regret this purchase.",0
"This jacket was a complete letdown, very upsetting experience.",0
"I'm impressed by the car, I'm extremely pleased with it.",2
"This subscription is low quality, worst purchase I've made.",0
"This laptop arrived damaged, worst purchase I've made.",0
"I love this subscription, best purchase I've made this year.",2
"The bicycle didn't work at all, nothing works properly.",0
"This tool does the job, standard packaging and delivery.",1
"The price of this tablet is reasonable, standard packaging and delivery.",1
"The shoes is low quality, completely unusable.",0
"I'm so happy with this book, absolutely fantastic experience.",2
"The shoes failed to meet even basic expectations, and a complete waste of money.",0
"This chair was terrible, total failure, do not buy.",0
"This blender performs adequately, it's fine for everyday use.",1
"I can't stop recommending this online store, couldn't be happier with the result.",2
"This course platform made everything so much easier, totally worth every penny.",2
"The service is okay, average performance overall.",1
"The restaurant arrived damaged, I regret this purchase.",0
"This game was late and broken, and a complete waste of money.",0
"The customer support is useless, support ignored me completely.",0
"The bicycle performs better than I imagined, I'm extremely pleased with it.",2
"The price of the hotel is reasonable, it's fine for everyday use.",1
"The delivery is fine, for what it offers.",1
"The camera is fine, standard packaging and delivery.",1
"This product is amazing, absolutely fantastic experience.",2
"The hotel is amazing, couldn't be happier with the result.",2
"The vacuum cleaner is neither impressive nor bad, meets basic requirements.",1
"This backpack is amazing, and I'm very satisfied.",2
"The speaker didn't work at all, not worth the price at all.",0
"This course platform is low quality, worst purchase I've made.",0
"This tool is a decent choice, nothing special about it.",1
"The vacuum cleaner is useless, very upsetting experience.",0
"I have mixed feelings about the service, average performance overall.",1
"This blender is neither impressive nor bad, nothing more nothing less.",1
"The phone made everything so much easier, couldn't be happier with the result.",2
"The package was late and broken, not worth the price at all.",0
"I regret ever buying this course platform, worst purchase I've made.",0
"The camera is amazing, totally worth every penny.",2
"This jacket is awful, support ignored me completely.",0
"This course platform does the job, standard packaging and delivery.",1
"The vacuum cleaner didn't work at all, and a complete waste of money.",0
"This course platform is a decent choice, meets basic requirements.",1
"The printer was really great, it works perfectly every time.",2
"The camera has excellent quality, it works perfectly every time.",2
"The customer support stopped working after one day, support ignored me completely.",0
"This game is a decent choice, standard packaging and delivery.",1
"I received this blender on time, no surprises here.",1
"The camera was late and broken, nothing works properly.",0
"I'm frustrated with this online store, not worth the price at all.",0
"This app works fine for basic needs, it's just average.",1
"This product is neither impressive nor bad, it's just average.",1
"The price of the camera is reasonable, nothing special about it.",1
"The headphones is useless, not worth the price at all.",0
"The service made everything so much easier, it's outstanding overall.",2
"This game is neither impressive nor bad, average performance overall.",1
"The camera exceeded my expectations, totally worth every penny.",2
"This subscription is an average option, standard packaging and delivery.",1
"I'm very disappointed with the headphones, not worth the price at all.",0
"I regret ever buying the phone, very unsatisfied overall.",0
"I can't stop recommending the monitor, I'm extremely pleased with it.",2
"The camera made everything so much easier, it's outstanding overall.",2
"The package performs better than I imagined, I would definitely recommend it.",2
"The router was a complete letdown, very unsatisfied overall.",0
"This tablet works like a charm, and I'm very satisfied.",2
"This backpack is okay, it's fine for everyday use.",1
"I'm very disappointed with this online store, support ignored me completely.",0
"I'm very disappointed with the car, not worth the price at all.",0
"This tablet does the job, it's just average.",1
"This umbrella is fine, standard packaging and delivery.",1
"The restaurant was terrible, and a complete waste of money.",0
"The printer is awful, very upsetting experience.",0
"The bicycle exceeded my expectations, best purchase I've made this year.",2
"This course platform works as expected, for what it offers.",1
"This online store does the job, standard packaging and delivery.",1
"The watch works fine for basic needs, nothing more nothing less.",1
"The price of the keyboard is reasonable, it's fine for everyday use.",1
"The phone is low quality, total failure, do not buy.",0
"The price of this tablet is reasonable, nothing special about it.",1
"The car arrived as ordered, average performance overall.",1
"The vacuum cleaner arrived damaged, total failure, do not buy.",0
"This product arrived damaged, nothing works properly.",0
"I have mixed feelings about this tool, it's just average.",1
"The camera is awful, I regret this purchase.",0
"This product works like a charm, it's outstanding overall.",2
"I had a horrible experience with this jacket, I regret this purchase.",0
"This product made everything so much easier, couldn't be happier with the result.",2
"This app is fantastic, it works perfectly every time.",2
"The camera exceeded my expectations, I would definitely recommend it.",2
"I regret ever buying this blender, completely unusable.",0
"The camera matched the description, standard packaging and delivery.",1
"The restaurant works as expected, it's fine for everyday use.",1
"I had a horrible experience with this backpack, I regret this purchase.",0
"I can't stop recommending this subscription, I'm extremely pleased with it.",2
"This book made everything so much easier, it's outstanding overall.",2
"The camera is amazing, exactly what I needed.",2
"This charger is okay, no surprises here.",1
"This laptop works like a charm, couldn't be happier with the result.",2
"The printer arrived quickly and works flawlessly, I would definitely recommend it.",2
"This backpack works as expected, it's fine for everyday use.",1
"This online store didn't work at all, nothing works properly.",0
"This software arrived damaged, total failure, do not buy.",0
"I'm so happy with the watch, best purchase I've made this year.",2
"The car is exactly what I hoped for, I'm extremely pleased with it.",2
"The car made everything so much easier, I would definitely recommend it.",2
"This subscription performs better than I imagined, and I'm very satisfied.",2
"The package performs better than I imagined, it works perfectly every time.",2
"This online store has excellent quality, exactly what I needed.",2
"I had a horrible experience with this book, not worth the price at all.",0
"The car arrived as ordered, it's just average.",1
"This course platform is neither impressive nor bad, meets basic requirements.",1
"The watch was really great, it works perfectly every time.",2
"I'm frustrated with this mattress, nothing works properly.",0
"This charger is low quality, total failure, do not buy.",0
"The gym membership is a decent choice, it's just average.",1
"I love this mattress, and I'm very satisfied.",2
"I'm impressed by this tool, it works perfectly every time.",2
"This app is similar to other options, for what it offers.",1
"This umbrella is useless, support ignored me completely.",0
"The quality of the package is poor, very upsetting experience.",0
"I'm so happy with this product, it's outstanding overall.",2
"This software didn't work at all, very upsetting experience.",0
"This online store was late and broken, support ignored me completely.",0
"I love this game, and I'm very satisfied.",2
"The customer support is neither impressive nor bad, meets basic requirements.",1
"The monitor is fantastic, I'm extremely pleased with it.",2
"The phone works like a charm, exactly what I needed.",2
"This app is okay, standard packaging and delivery.",1
"The vacuum cleaner is awful, not worth the price at all.",0
"The price of this jacket is reasonable, for what it offers.",1
"The router is neither impressive nor bad, nothing special about it.",1
"The quality of the shoes is poor, nothing works properly.",0
"The shoes is amazing, I would definitely recommend it.",2
"The headphones exceeded my expectations, absolutely fantastic experience.",2
"The bicycle is similar to other options, it's just average.",1
"The phone is useless, completely unusable.",0
"This jacket arrived damaged, and a complete waste of money.",0
"The package works like a charm, and I'm very satisfied.",2
"This software is a decent choice, no complaints or praise really.",1
"The vacuum cleaner arrived as ordered, it's just average.",1
"I had a horrible experience with this charger, and a complete waste of money.",0
"This course is a decent choice, nothing more nothing less.",1
"The delivery performs adequately, no complaints or praise really.",1
"The quality of the monitor is poor, very upsetting experience.",0
"The keyboard was a complete letdown, support ignored me completely.",0
"I had a horrible experience with this mattress, and a complete waste of money.",0
"This umbrella is an average option, standard packaging and delivery.",1
"The hotel arrived quickly and works flawlessly, absolutely fantastic experience.",2
"This app is fine, average performance overall.",1
"I regret ever buying the delivery, very upsetting experience.",0
"This umbrella arrived quickly and works flawlessly, couldn't be happier with the result.",2
"This book didn't work at all, support ignored me completely.",0
"This jacket was late and broken, worst purchase I've made.",0
"This app is okay, meets basic requirements.",1
"The keyboard is awful, not worth the price at all.",0
"This course arrived quickly and works flawlessly, I would definitely recommend it.",2
"This game is fine, no complaints or praise really.",1
"The hotel is an average option, it's just average.",1
"The bicycle is neither impressive nor bad, it's just average.",1
"The speaker was a complete letdown, very unsatisfied overall.",0
"I regret ever buying the bicycle, total failure, do not buy.",0
"The speaker has excellent quality, it's outstanding overall.",2
"The speaker was a complete letdown, total failure, do not buy.",0
"The camera stopped working after one day, worst purchase I've made.",0
"I'm frustrated with the vacuum cleaner, very unsatisfied overall.",0
"This tool arrived quickly and works flawlessly, it's outstanding overall.",2
"The delivery was really great, couldn't be happier with the result.",2
"The bicycle is a decent choice, nothing more nothing less.",1
"The price of the camera is reasonable, standard packaging and delivery.",1
"The shoes is a decent choice, nothing special about it.",1
"I regret ever buying the restaurant, very upsetting experience.",0
"This mattress is neither impressive nor bad, meets basic requirements.",1
"The printer does the job, standard packaging and delivery.",1
"This umbrella is amazing, it works perfectly every time.",2
"This chair didn't work at all, very upsetting experience.",0
"This charger was terrible, I regret this purchase.",0
"I'm so happy with the headphones, I'm extremely pleased with it.",2
"This mattress is similar to other options, it's fine for everyday use.",1
"The keyboard works like a charm, it's outstanding overall.",2
"The bicycle is amazing, totally worth every penny.",2
"The hotel is fantastic, I'm extremely pleased with it.",2
"This charger arrived damaged, I regret this purchase.",0
"This backpack was really great, totally worth every penny.",2
"I'm so happy with the speaker, best purchase I've made this year.",2
"The quality of the phone is superb, and I'm very satisfied.",2
"The camera is fine, for what it offers.",1
"The delivery exceeded my expectations, it's outstanding overall.",2
"This jacket has excellent quality, exactly what I needed.",2
"I'm so happy with the watch, and I'm very satisfied.",2
"This online store is an average option, average performance overall.",1
"This course is exactly what I hoped for, exactly what I needed.",2
"This backpack arrived quickly and works flawlessly, I'm extremely pleased with it.",2
"This blender didn't work at all, total failure, do not buy.",0
"The watch exceeded my expectations, couldn't be happier with the result.",2
"This tool works as expected, it's just average.",1
"This course is exactly what I hoped for, it's outstanding overall.",2
"This online store works as expected, for what it offers.",1
"This software is awful, completely unusable.",0
"The speaker is neither impressive nor bad, it's just average.",1
"This charger is a decent choice, standard packaging and delivery.",1
"This book was a complete letdown, total failure, do not buy.",0
"This course platform is low quality, very unsatisfied overall.",0
"The quality of this tool is superb, absolutely fantastic experience.",2
"The vacuum cleaner matched the description, it's fine for everyday use.",1
"This laptop is okay, nothing more nothing less.",1
"I had a horrible experience with the monitor, very unsatisfied overall.",0
"This tool arrived quickly and works flawlessly, totally worth every penny.",2
"I had a horrible experience with this online store, very unsatisfied overall.",0
"The service made everything so much easier, I'm extremely pleased with it.",2
"The headphones is similar to other options, no complaints or praise really.",1
"This blender is fine, standard packaging and delivery.",1
"This movie failed to meet even basic expectations, I regret this purchase.",0
"The package is exactly what I hoped for, couldn't be happier with the result.",2
"The keyboard arrived damaged, nothing works properly.",0
"This backpack performs better than I imagined, I'm extremely pleased with it.",2
"This online store was really great, it works perfectly every time.",2
"The speaker is a decent choice, standard packaging and delivery.",1
"The restaurant is fantastic, absolutely fantastic experience.",2
"I have mixed feelings about the headphones, meets basic requirements.",1
"The speaker arrived quickly and works flawlessly, best purchase I've made this year.",2
"I'm very disappointed with this umbrella, very upsetting experience.",0
"This charger arrived damaged, and a complete waste of money.",0
"This app does the job, for what it offers.",1
"This chair is exactly what I hoped for, absolutely fantastic experience.",2
"This umbrella was a complete letdown, not worth the price at all.",0
"This mattress is useless, and a complete waste of money.",0
"This online store is low quality, not worth the price at all.",0
"The quality of the router is superb, exactly what I needed.",2
"The price of this charger is reasonable, meets basic requirements.",1
"This backpack was a complete letdown, worst purchase I've made.",0
"I regret ever buying the keyboard, very upsetting experience.",0
"This course platform is fantastic, couldn't be happier with the result.",2
"I had a horrible experience with this subscription, completely unusable.",0
"This laptop stopped working after one day, total failure, do not buy.",0
"This backpack made everything so much easier, best purchase I've made this year.",2
"This chair is fantastic, it works perfectly every time.",2
"The phone arrived as ordered, nothing more nothing less.",1
"The monitor arrived damaged, worst purchase I've made.",0
"The restaurant was late and broken, nothing works properly.",0
"The camera performs adequately, it's fine for everyday use.",1
"The quality of this product is poor, nothing works properly.",0
"The router arrived quickly and works flawlessly, it's outstanding overall.",2
"The quality of the car is superb, best purchase I've made this year.",2
"The quality of this game is poor, very unsatisfied overall.",0
"I'm impressed by the watch, and I'm very satisfied.",2
"This laptop is fantastic, I would definitely recommend it.",2
"The phone arrived as ordered, no surprises here.",1
"I love the phone, it's outstanding overall.",2
"This umbrella has excellent quality, it works perfectly every time.",2
"I regret ever buying the speaker, nothing works properly.",0
"This software has excellent quality, and I'm very satisfied.",2
"This jacket made everything so much easier, it's outstanding overall.",2
"The gym membership is awful, support ignored me completely.",0
"I regret ever buying this jacket, very upsetting experience.",0
"This online store works like a charm, I would definitely recommend it.",2
"I can't stop recommending the gym membership, it works perfectly every time.",2
"This laptop stopped working after one day, nothing works properly.",0
"The hotel works fine for basic needs, nothing special about it.",1
"The watch arrived as ordered, for what it offers.",1
"This subscription exceeded my expectations, it's outstanding overall.",2
"The car exceeded my expectations, totally worth every penny.",2
"This movie arrived quickly and works flawlessly, couldn't be happier with the result.",2
"The headphones works like a charm, it's outstanding overall.",2
"The hotel made everything so much easier, it works perfectly every time.",2
"The gym membership is useless, I regret this purchase.",0
"The headphones works fine for basic needs, meets basic requirements.",1
"This tool is fine, for what it offers.",1
"The quality of the speaker is superb, it's outstanding overall.",2
"The headphones was late and broken, nothing works properly.",0
"This charger was a complete letdown, and a complete waste of money.",0
"This chair didn't work at all, total failure, do not buy.",0
"I'm very disappointed with this jacket, I regret this purchase.",0
"The speaker performs adequately, no complaints or praise really.",1
"This tool arrived damaged, not worth the price at all.",0
"The shoes matched the description, for what it offers.",1
"I had a horrible experience with the printer, very unsatisfied overall.",0
"The price of this software is reasonable, for what it offers.",1
"I love the shoes, and I'm very satisfied.",2
"The restaurant works fine for basic needs, meets basic requirements.",1
"The vacuum cleaner stopped working after one day, I regret this purchase.",0
"The phone is awful, total failure, do not buy.",0
"The router is fantastic, and I'm very satisfied.",2
"The phone matched the description, average performance overall.",1
"The watch is a decent choice, nothing more nothing less.",1
"I love the phone, I would definitely recommend it.",2
"The camera made everything so much easier, I'm extremely pleased with it.",2
"The price of this game is reasonable, no surprises here.",1
"The service failed to meet even basic expectations, completely unusable.",0
"This laptop didn't work at all, very unsatisfied overall.",0
"This umbrella works fine for basic needs, standard packaging and delivery.",1
"I'm frustrated with the printer, and a complete waste of money.",0
"I have mixed feelings about this chair, for what it offers.",1
"This chair exceeded my expectations, absolutely fantastic experience.",2
"This product works like a charm, I would definitely recommend it.",2
"The headphones is similar to other options, standard packaging and delivery.",1
"The monitor exceeded my expectations, I'm extremely pleased with it.",2
"The hotel performs better than I imagined, I'm extremely pleased with it.",2
"The phone was terrible, worst purchase I've made.",0
"I'm very disappointed with this movie, not worth the price at all.",0
"This charger is an average option, for what it offers.",1
"I love the gym membership, totally worth every penny.",2
"The watch performs better than I imagined, absolutely fantastic experience.",2
"The watch exceeded my expectations, I'm extremely pleased with it.",2
"The keyboard exceeded my expectations, it's outstanding overall.",2
"The service arrived quickly and works flawlessly, totally worth every penny.",2
"This product matched the description, nothing more nothing less.",1
"The phone performs adequately, nothing more nothing less.",1
"This movie arrived quickly and works flawlessly, it's outstanding overall.",2
"This laptop is okay, no surprises here.",1
"This mattress was terrible, nothing works properly.",0
"This mattress is amazing, and I'm very satisfied.",2
"This product works as expected, no complaints or praise really.",1
"This movie was late and broken, completely unusable.",0
"The quality of the keyboard is superb, absolutely fantastic experience.",2
"This book failed to meet even basic expectations, completely unusable.",0
"The camera is low quality, very unsatisfied overall.",0
"I love this umbrella, I'm extremely pleased with it.",2
"The quality of the package is superb, I would definitely recommend it.",2
"This umbrella made everything so much easier, exactly what I needed.",2
"The package is exactly what I hoped for, I would definitely recommend it.",2
"This laptop was really great, couldn't be happier with the result.",2
"The headphones matched the description, no complaints or praise really.",1
"The quality of the car is poor, nothing works properly.",0
"This book works as expected, no surprises here.",1
"The car stopped working after one day, nothing works properly.",0
"This movie is awful, and a complete waste of money.",0
"The headphones is fantastic, totally worth every penny.",2
"The customer support works as expected, average performance overall.",1
"I'm very disappointed with the car, very unsatisfied overall.",0
"The watch is neither impressive nor bad, no complaints or praise really.",1
"I had a horrible experience with this mattress, total failure, do not buy.",0
"I love this laptop, exactly what I needed.",2
"The price of this movie is reasonable, it's just average.",1
"The router performs adequately, standard packaging and delivery.",1
"This movie is amazing, couldn't be happier with the result.",2
"The camera is a decent choice, no surprises here.",1
"This blender works as expected, nothing more nothing less.",1
"The shoes is an average option, nothing special about it.",1
"This blender failed to meet even basic expectations, I regret this purchase.",0
"This charger was really great, I would definitely recommend it.",2
"I'm so happy with this tablet, it's outstanding overall.",2
"This mattress exceeded my expectations, totally worth every penny.",2
"I'm very disappointed with the router, not worth the price at all.",0
"I'm impressed by the keyboard, I would definitely recommend it.",2
"The quality of the restaurant is poor, worst purchase I've made.",0
"I received this movie on time, meets basic requirements.",1
"The hotel is fantastic, it works perfectly every time.",2
"The shoes is fine, nothing more nothing less.",1
"The camera is fine, meets basic requirements.",1
"This chair has excellent quality, it's outstanding overall.",2
"I'm so happy with this backpack, and I'm very satisfied.",2
"I regret ever buying the camera, and a complete waste of money.",0
"The headphones arrived damaged, total failure, do not buy.",0
"This tool is a decent choice, average performance overall.",1
"This course platform works fine for basic needs, for what it offers.",1
"This book performs adequately, average performance overall.",1
"This software has excellent quality, I would definitely recommend it.",2
"This jacket is a decent choice, standard packaging and delivery.",1
"The service performs adequately, no complaints or praise really.",1
"The package is amazing, couldn't be happier with the result.",2
"This blender is amazing, it's outstanding overall.",2
"This backpack exceeded my expectations, I would definitely recommend it.",2
"I'm very disappointed with this online store, worst purchase I've made.",0
"I have mixed feelings about this course platform, average performance overall.",1
"This course platform has excellent quality, and I'm very satisfied.",2
"This umbrella performs adequately, nothing more nothing less.",1
"The car is a decent choice, for what it offers.",1
"The price of the vacuum cleaner is reasonable, nothing more nothing less.",1
"The price of the keyboard is reasonable, meets basic requirements.",1
"This blender is awful, very upsetting experience.",0
"This tool performs adequately, it's fine for everyday use.",1
"I had a horrible experience with this laptop, very unsatisfied overall.",0
"I have mixed feelings about this umbrella, no surprises here.",1
"This movie works fine for basic needs, it's fine for everyday use.",1
"The headphones performs better than I imagined, I would definitely recommend it.",2
"The monitor is okay, it's fine for everyday use.",1
"I can't stop recommending the camera, it works perfectly every time.",2
"I had a horrible experience with this book, very upsetting experience.",0
"This mattress does the job, nothing special about it.",1
"The bicycle is similar to other options, no complaints or praise really.",1
"The service is a decent choice, standard packaging and delivery.",1
"The service performs better than I imagined, couldn't be happier with the result.",2
"This course made everything so much easier, absolutely fantastic experience.",2
"This umbrella exceeded my expectations, best purchase I've made this year.",2
"The keyboard works fine for basic needs, meets basic requirements.",1
"I'm frustrated with this charger, I regret this purchase.",0
"The price of this software is reasonable, average performance overall.",1
"The headphones works fine for basic needs, average performance overall.",1
"I regret ever buying the gym membership, and a complete waste of money.",0
"The monitor performs better than I imagined, best purchase I've made this year.",2
"This subscription is okay, for what it offers.",1
"The router didn't work at all, worst purchase I've made.",0
"This laptop stopped working after one day, very upsetting experience.",0
"This blender works fine for basic needs, no complaints or praise really.",1
"This app exceeded my expectations, and I'm very satisfied.",2
"The shoes was a complete letdown, worst purchase I've made.",0
"I received this software on time, it's just average.",1
"This book is useless, very unsatisfied overall.",0
"The router performs better than I imagined, absolutely fantastic experience.",2
"The hotel matched the description, no surprises here.",1
"The quality of the speaker is poor, worst purchase I've made.",0
"The vacuum cleaner made everything so much easier, couldn't be happier with the result.",2
"This game is fantastic, best purchase I've made this year.",2
"The speaker arrived damaged, completely unusable.",0
"I love the printer, couldn't be happier with the result.",2
"This movie works as expected, for what it offers.",1
"I'm very disappointed with this chair, very upsetting experience.",0
"I'm so happy with this blender, best purchase I've made this year.",2
"The phone matched the description, nothing more nothing less.",1
"This laptop works fine for basic needs, no complaints or praise really.",1
"The quality of this blender is superb, it's outstanding overall.",2
"I regret ever buying this software, completely unusable.",0
"I'm frustrated with this tool, and a complete waste of money.",0
"This book failed to meet even basic expectations, very upsetting experience.",0
"The vacuum cleaner arrived quickly and works flawlessly, and I'm very satisfied.",2
"This tool is okay, nothing special about it.",1
"The quality of the car is superb, it's outstanding overall.",2
"The router arrived as ordered, nothing more nothing less.",1
"I had a horrible experience with this product, very upsetting experience.",0
"This game works like a charm, it's outstanding overall.",2
"The quality of the monitor is superb, and I'm very satisfied.",2
"This blender stopped working after one day, worst purchase I've made.",0
"This mattress has excellent quality, absolutely fantastic experience.",2
"I can't stop recommending the car, it works perfectly every time.",2
"The hotel is exactly what I hoped for, it works perfectly every time.",2
"I'm very disappointed with the speaker, worst purchase I've made.",0
"I'm frustrated with this course platform, completely unusable.",0
"This blender performs better than I imagined, I would definitely recommend it.",2
"The car didn't work at all, very unsatisfied overall.",0
"This movie arrived quickly and works flawlessly, it works perfectly every time.",2
"This jacket is neither impressive nor bad, standard packaging and delivery.",1
"The hotel arrived quickly and works flawlessly, couldn't be happier with the result.",2
"The router is an average option, standard packaging and delivery.",1
"I received this product on time, it's fine for everyday use.",1
"I had a horrible experience with this movie, and a complete waste of money.",0
"This game was terrible, very unsatisfied overall.",0
"The monitor works fine for basic needs, standard packaging and delivery.",1
"This umbrella is neither impressive nor bad, no surprises here.",1
"I have mixed feelings about this book, for what it offers.",1
"This software was terrible, worst purchase I've made.",0
"The car is an average option, average performance overall.",1
"This movie is awful, very upsetting experience.",0
"The phone is useless, support ignored me completely.",0
"I'm so happy with the hotel, I would definitely recommend it.",2
"This jacket is neither impressive nor bad, nothing more nothing less.",1
"The speaker is exactly what I hoped for, I would definitely recommend it.",2
"This backpack works like a charm, it's outstanding overall.",2
"The bicycle was late and broken, I regret this purchase.",0
"The headphones is useless, very unsatisfied overall.",0
"I have mixed feelings about the router, for what it offers.",1
"The watch exceeded my expectations, absolutely fantastic experience.",2
"This movie works as expected, standard packaging and delivery.",1
"This movie works fine for basic needs, standard packaging and delivery.",1
"The phone is a decent choice, it's fine for everyday use.",1
"This tablet is okay, it's fine for everyday use.",1
"I received the monitor on time, for what it offers.",1
"I can't stop recommending this software, exactly what I needed.",2
"This mattress works as expected, standard packaging and delivery.",1
"This course was a complete letdown, total failure, do not buy.",0
"This backpack is a decent choice, for what it offers.",1
"I'm impressed by this game, it works perfectly every time.",2
"The car performs better than I imagined, I'm extremely pleased with it.",2
"This software exceeded my expectations, exactly what I needed.",2
"The headphones failed to meet even basic expectations, very unsatisfied overall.",0
"The vacuum cleaner performs adequately, it's just average.",1
"I had a horrible experience with this umbrella, very unsatisfied overall.",0
"This backpack is exactly what I hoped for, couldn't be happier with the result.",2
"This umbrella is a decent choice, nothing more nothing less.",1
"I'm impressed by this product, totally worth every penny.",2
"I had a horrible experience with this tool, completely unusable.",0
"The service didn't work at all, not worth the price at all.",0
"The router is fine, standard packaging and delivery.",1
"The router is similar to other options, it's just average.",1
"This online store works fine for basic needs, it's just average.",1
"This software is amazing, and I'm very satisfied.",2
"I'm so happy with the vacuum cleaner, it's outstanding overall.",2
"This blender does the job, it's just average.",1
"I received the gym membership on time, no surprises here.",1
"This chair works like a charm, it works perfectly every time.",2
"This blender performs adequately, it's just average.",1
"I love this tool, best purchase I've made this year.",2
"The restaurant does the job, no surprises here.",1
"The shoes failed to meet even basic expectations, support ignored me completely.",0
"The printer arrived quickly and works flawlessly, best purchase I've made this year.",2
"This movie is fine, nothing special about it.",1
"This product exceeded my expectations, I'm extremely pleased with it.",2
"This tool matched the description, it's fine for everyday use.",1
"This online store is similar to other options, nothing more nothing less.",1
"The price of the car is reasonable, no surprises here.",1
"I received the customer support on time, no surprises here.",1
"This backpack stopped working after one day, very upsetting experience.",0
"This product is low quality, worst purchase I've made.",0
"I'm frustrated with this game, total failure, do not buy.",0
"This course made everything so much easier, it works perfectly every time.",2
"The camera stopped working after one day, very unsatisfied overall.",0
"This mattress is fine, for what it offers.",1
"This software is okay, for what it offers.",1
"The monitor works like a charm, it's outstanding overall.",2
"This tool is low quality, very unsatisfied overall.",0
"This book is low quality, nothing works properly.",0
"The hotel is fine, average performance overall.",1
"The bicycle is neither impressive nor bad, for what it offers.",1
"The printer exceeded my expectations, exactly what I needed.",2
"The car stopped working after one day, support ignored me completely.",0
"I'm impressed by this course, couldn't be happier with the result.",2
"The camera is fantastic, best purchase I've made this year.",2
"This tablet is a decent choice, it's fine for everyday use.",1
"This charger performs adequately, it's just average.",1
"I'm very disappointed with this tool, completely unusable.",0
"The restaurant is fine, average performance overall.",1
"I'm frustrated with this course platform, very upsetting experience.",0
"This jacket is fine, meets basic requirements.",1
"This book failed to meet even basic expectations, total failure, do not buy.",0
"The speaker arrived as ordered, meets basic requirements.",1
"The restaurant matched the description, meets basic requirements.",1
"This online store works fine for basic needs, no surprises here.",1
"I'm frustrated with this tool, total failure, do not buy.",0
"I'm impressed by the printer, exactly what I needed.",2
"The headphones does the job, it's fine for everyday use.",1
"This subscription is low quality, very upsetting experience.",0
"I'm very disappointed with this charger, support ignored me completely.",0
"The shoes didn't work at all, very unsatisfied overall.",0
"This chair is useless, very unsatisfied overall.",0
"The service has excellent quality, absolutely fantastic experience.",2
"This book is low quality, I regret this purchase.",0
"This subscription is awful, nothing works properly.",0
"The keyboard performs adequately, no surprises here.",1
"I'm very disappointed with this tool, I regret this purchase.",0
"I love this charger, absolutely fantastic experience.",2
"The hotel works fine for basic needs, standard packaging and delivery.",1
"The bicycle is similar to other options, no surprises here.",1
"This app was a complete letdown, worst purchase I've made.",0
"The quality of this product is poor, I regret this purchase.",0
"This online store made everything so much easier, it works perfectly every time.",2
"The shoes performs adequately, it's fine for everyday use.",1
"The gym membership arrived as ordered, nothing special about it.",1
"This jacket is a decent choice, average performance overall.",1
"The quality of the headphones is superb, it's outstanding overall.",2
"The vacuum cleaner failed to meet even basic expectations, support ignored me completely.",0
"The quality of the router is superb, and I'm very satisfied.",2
"I have mixed feelings about this umbrella, it's fine for everyday use.",1
"I received this mattress on time, meets basic requirements.",1
"I'm impressed by this subscription, I would definitely recommend it.",2
"This charger made everything so much easier, it's outstanding overall.",2
"This umbrella arrived quickly and works flawlessly, totally worth every penny.",2
"The vacuum cleaner made everything so much easier, I would definitely recommend it.",2
"I'm so happy with this book, couldn't be happier with the result.",2
"The bicycle stopped working after one day, total failure, do not buy.",0
"The monitor made everything so much easier, totally worth every penny.",2
"The shoes made everything so much easier, it works perfectly every time.",2
"This app didn't work at all, completely unusable.",0
"This mattress is awful, completely unusable.",0
"The customer support is a decent choice, it's just average.",1
"This game is exactly what I hoped for, I would definitely recommend it.",2
"This course is useless, very unsatisfied overall.",0
"The monitor is fantastic, couldn't be happier with the result.",2
"This chair is awful, and a complete waste of money.",0
"This game was a complete letdown, completely unusable.",0
"The service didn't work at all, I regret this purchase.",0
"This backpack is fantastic, I'm extremely pleased with it.",2
"I'm so happy with the customer support, best purchase I've made this year.",2
"The shoes is fantastic, I'm extremely pleased with it.",2
"I'm frustrated with this blender, I regret this purchase.",0
"This book is fantastic, it's outstanding overall.",2
"The headphones matched the description, nothing more nothing less.",1
"I have mixed feelings about this game, no complaints or praise really.",1
"I have mixed feelings about the keyboard, no complaints or praise really.",1
"This jacket arrived damaged, very unsatisfied overall.",0
"This chair works fine for basic needs, it's fine for everyday use.",1
"The vacuum cleaner was late and broken, very unsatisfied overall.",0
"This course is neither impressive nor bad, it's fine for everyday use.",1
"The price of this subscription is reasonable, meets basic requirements.",1
"This online store is a decent choice, it's just average.",1
"I love the phone, I'm extremely pleased with it.",2
"This book is low quality, very unsatisfied overall.",0
"This blender arrived quickly and works flawlessly, and I'm very satisfied.",2
"This movie matched the description, meets basic requirements.",1
"The delivery was a complete letdown, nothing works properly.",0
"The package is exactly what I hoped for, exactly what I needed.",2
"The service arrived quickly and works flawlessly, I would definitely recommend it.",2
"The delivery is similar to other options, for what it offers.",1
"This course platform is similar to other options, nothing more nothing less.",1
"I had a horrible experience with the delivery, nothing works properly.",0
"I received the bicycle on time, nothing more nothing less.",1
"This app is fantastic, I would definitely recommend it.",2
"The gym membership is similar to other options, it's fine for everyday use.",1
"This course platform failed to meet even basic expectations, and a complete waste of money.",0
"I love the service, it's outstanding overall.",2
"The printer arrived as ordered, it's fine for everyday use.",1
"The delivery is okay, standard packaging and delivery.",1
"This laptop is awful, I regret this purchase.",0
"This tablet is similar to other options, for what it offers.",1
"The keyboard is low quality, I regret this purchase.",0
"This charger is a decent choice, it's fine for everyday use.",1
"This game stopped working after one day, very upsetting experience.",0
"This chair arrived quickly and works flawlessly, it works perfectly every time.",2
"This umbrella was a complete letdown, and a complete waste of money.",0
"This course arrived quickly and works flawlessly, it works perfectly every time.",2
"This movie arrived as ordered, meets basic requirements.",1
"The headphones is neither impressive nor bad, nothing special about it.",1
"This movie arrived quickly and works flawlessly, best purchase I've made this year.",2
"I'm so happy with the car, totally worth every penny.",2
"This tool arrived damaged, nothing works properly.",0
"This book performs adequately, it's just average.",1
"This chair arrived damaged, total failure, do not buy.",0
"I had a horrible experience with this movie, support ignored me completely.",0
"The keyboard is fantastic, I would definitely recommend it.",2
"The monitor is similar to other options, it's fine for everyday use.",1
"The phone arrived damaged, completely unusable.",0
"The restaurant arrived as ordered, it's just average.",1
"This movie made everything so much easier, best purchase I've made this year.",2
"I had a horrible experience with the vacuum cleaner, total failure, do not buy.",0
"I'm very disappointed with the phone, total failure, do not buy.",0
"This tool exceeded my expectations, totally worth every penny.",2
"This tablet didn't work at all, nothing works properly.",0
"The bicycle was terrible, and a complete waste of money.",0
"I love the hotel, absolutely fantastic experience.",2
"The bicycle works like a charm, it works perfectly every time.",2
"The package exceeded my expectations, exactly what I needed.",2
"The price of this book is reasonable, nothing special about it.",1
"This online store was terrible, and a complete waste of money.",0
"The phone is neither impressive nor bad, no surprises here.",1
"This course platform works fine for basic needs, meets basic requirements.",1
"This charger is exactly what I hoped for, and I'm very satisfied.",2
"The keyboard is awful, completely unusable.",0
"The headphones is low quality, and a complete waste of money.",0
"This book arrived quickly and works flawlessly, couldn't be happier with the result.",2
"This jacket works as expected, nothing more nothing less.",1
"The price of this course is reasonable, it's fine for everyday use.",1
"The router was late and broken, total failure, do not buy.",0
"This software arrived damaged, support ignored me completely.",0
"The hotel performs adequately, it's fine for everyday use.",1
"The vacuum cleaner matched the description, no complaints or praise really.",1
"The gym membership was terrible, worst purchase I've made.",0
"The restaurant exceeded my expectations, best purchase I've made this year.",2
"The headphones has excellent quality, totally worth every penny.",2
"This laptop works as expected, nothing more nothing less.",1
"This app is fantastic, totally worth every penny.",2
"The watch works like a charm, exactly what I needed.",2
"This tool was a complete letdown, not worth the price at all.",0
"This blender arrived as ordered, no surprises here.",1
"This book is an average option, average performance overall.",1
"The headphones arrived as ordered, it's fine for everyday use.",1
"This movie arrived damaged, completely unusable.",0
"I had a horrible experience with the speaker, and a complete waste of money.",0
"The shoes was really great, and I'm very satisfied.",2
"I can't stop recommending the watch, it works perfectly every time.",2
"I'm impressed by this product, best purchase I've made this year.",2
"The keyboard exceeded my expectations, best purchase I've made this year.",2
"The vacuum cleaner is exactly what I hoped for, I'm extremely pleased with it.",2
"I had a horrible experience with the keyboard, completely unusable.",0
"I regret ever buying the hotel, total failure, do not buy.",0
"I received this app on time, standard packaging and delivery.",1
"This tablet performs better than I imagined, exactly what I needed.",2
"The vacuum cleaner stopped working after one day, very unsatisfied overall.",0
"This app is awful, total failure, do not buy.",0
"The phone is fantastic, couldn't be happier with the result.",2
"The printer works as expected, nothing special about it.",1
"The monitor has excellent quality, totally worth every penny.",2
"This course platform is okay, nothing more nothing less.",1
"The vacuum cleaner failed to meet even basic expectations, completely unusable.",0
"This course platform arrived damaged, and a complete waste of money.",0
"The printer works like a charm, exactly what I needed.",2
"I have mixed feelings about the phone, no complaints or praise really.",1
"This book is low quality, completely unusable.",0
"I'm very disappointed with the customer support, not worth the price at all.",0
"I can't stop recommending the restaurant, exactly what I needed.",2
"The bicycle stopped working after one day, worst purchase I've made.",0
"This game does the job, no complaints or praise really.",1
"This backpack is awful, completely unusable.",0
"This product arrived as ordered, nothing more nothing less.",1
"This tablet performs better than I imagined, absolutely fantastic experience.",2
"I'm very disappointed with this product, very unsatisfied overall.",0
"This backpack was a complete letdown, nothing works properly.",0
"I'm very disappointed with the bicycle, very unsatisfied overall.",0
"The hotel was terrible, worst purchase I've made.",0
"This course was terrible, nothing works properly.",0
"This umbrella was late and broken, very upsetting experience.",0
"This app arrived as ordered, it's just average.",1
"This course works fine for basic needs, it's just average.",1
"I regret ever buying this course platform, I regret this purchase.",0
"This app is similar to other options, meets basic requirements.",1
"The package is a decent choice, no complaints or praise really.",1
"The gym membership is amazing, I would definitely recommend it.",2
"This product matched the description, no complaints or praise really.",1
"The camera is fine, it's just average.",1
"The customer support is an average option, meets basic requirements.",1
"This course is low quality, and a complete waste of money.",0
"This book is low quality, and a complete waste of money.",0
"The phone performs adequately, average performance overall.",1
"This jacket has excellent quality, I would definitely recommend it.",2
"I can't stop recommending this software, it works perfectly every time.",2
"This subscription was really great, best purchase I've made this year.",2
"This software is an average option, for what it offers.",1
"The speaker is fine, for what it offers.",1
"I received this course platform on time, nothing more nothing less.",1
"This course has excellent quality, I'm extremely pleased with it.",2
"This product was a complete letdown, worst purchase I've made.",0
"This chair is okay, standard packaging and delivery.",1
"The car is okay, nothing special about it.",1
"This mattress is low quality, and a complete waste of money.",0
"This movie is low quality, not worth the price at all.",0
"I received this course on time, no surprises here.",1
"This game is amazing, I would definitely recommend it.",2
"The monitor arrived as ordered, for what it offers.",1
"This movie is awful, nothing works properly.",0
"The headphones is okay, it's fine for everyday use.",1
"I can't stop recommending this software, I would definitely recommend it.",2
"The speaker was really great, totally worth every penny.",2
"This online store has excellent quality, totally worth every penny.",2
"I'm impressed by the car, couldn't be happier with the result.",2
"This course performs better than I imagined, and I'm very satisfied.",2
"This laptop didn't work at all, worst purchase I've made.",0
"This backpack stopped working after one day, I regret this purchase.",0
"I love the phone, absolutely fantastic experience.",2
"This movie is fine, nothing more nothing less.",1
"The car is okay, no surprises here.",1
"The phone is an average option, for what it offers.",1
"The router didn't work at all, and a complete waste of money.",0
"The car has excellent quality, couldn't be happier with the result.",2
"The phone was really great, I'm extremely pleased with it.",2
"This movie was late and broken, support ignored me completely.",0
"The service made everything so much easier, it works perfectly every time.",2
"The speaker is exactly what I hoped for, it's outstanding overall.",2
"I'm impressed by the phone, couldn't be happier with the result.",2
"This software didn't work at all, support ignored me completely.",0
"I'm frustrated with this charger, support ignored me completely.",0
"The router arrived quickly and works flawlessly, absolutely fantastic experience.",2
"The monitor was terrible, very unsatisfied overall.",0
"The keyboard arrived damaged, very upsetting experience.",0
"The speaker is exactly what I hoped for, and I'm very satisfied.",2
"I can't stop recommending this subscription, and I'm very satisfied.",2
"The keyboard was terrible, nothing works properly.",0
"I'm so happy with the vacuum cleaner, exactly what I needed.",2
"The vacuum cleaner performs better than I imagined, exactly what I needed.",2
"I have mixed feelings about this subscription, nothing more nothing less.",1
"The car made everything so much easier, exactly what I needed.",2
"I received this book on time, for what it offers.",1
"The monitor arrived quickly and works flawlessly, I would definitely recommend it.",2
"I had a horrible experience with this jacket, completely unusable.",0
"This jacket works as expected, nothing special about it.",1
"The shoes is an average option, average performance overall.",1
"I'm frustrated with the car, total failure, do not buy.",0
"The hotel works fine for basic needs, average performance overall.",1
"This product performs better than I imagined, it works perfectly every time.",2
"I regret ever buying this chair, I regret this purchase.",0
"The monitor is fine, average performance overall.",1
"This jacket works fine for basic needs, meets basic requirements.",1
"I'm frustrated with the camera, not worth the price at all.",0
"This movie stopped working after one day, nothing works properly.",0
"This backpack works fine for basic needs, nothing special about it.",1
"The hotel is similar to other options, nothing more nothing less.",1
"The router arrived damaged, very upsetting experience.",0
"This charger has excellent quality, best purchase I've made this year.",2
"This app was terrible, worst purchase I've made.",0
"I had a horrible experience with this chair, nothing works properly.",0
"The delivery didn't work at all, completely unusable.",0
"The quality of this movie is poor, completely unusable.",0
"This tablet arrived as ordered, no complaints or praise really.",1
"This software matched the description, no surprises here.",1
"I love the delivery, and I'm very satisfied.",2
"This online store works fine for basic needs, nothing special about it.",1
"The shoes is useless, I regret this purchase.",0
"This app is an average option, it's just average.",1
"The bicycle is an average option, for what it offers.",1
"I regret ever buying this course platform, and a complete waste of money.",0
"The speaker has excellent quality, exactly what I needed.",2
"I'm very disappointed with the router, worst purchase I've made.",0
"The camera arrived quickly and works flawlessly, absolutely fantastic experience.",2
"I'm frustrated with the gym membership, and a complete waste of money.",0
"The price of this game is reasonable, no complaints or praise really.",1
"This app does the job, no surprises here.",1
"The quality of this charger is poor, total failure, do not buy.",0
"This chair has excellent quality, and I'm very satisfied.",2
"This backpack matched the description, nothing special about it.",1
"The quality of this movie is superb, absolutely fantastic experience.",2
"The service arrived quickly and works flawlessly, it works perfectly every time.",2
"I'm so happy with the bicycle, and I'm very satisfied.",2
"I can't stop recommending the shoes, exactly what I needed.",2
"The watch made everything so much easier, exactly what I needed.",2
"This jacket works as expected, meets basic requirements.",1
"I can't stop recommending the package, and I'm very satisfied.",2
"The price of the hotel is reasonable, average performance overall.",1
"This book arrived quickly and works flawlessly, and I'm very satisfied.",2
"This app performs adequately, it's just average.",1
"I had a horrible experience with the vacuum cleaner, nothing works properly.",0
"The printer failed to meet even basic expectations, not worth the price at all.",0
"I regret ever buying this laptop, total failure, do not buy.",0
"The car was terrible, support ignored me completely.",0
"The car made everything so much easier, it's outstanding overall.",2
"I regret ever buying the delivery, nothing works properly.",0
"This software performs adequately, it's fine for everyday use.",1
"This blender didn't work at all, worst purchase I've made.",0
"This movie arrived damaged, support ignored me completely.",0
"This chair is similar to other options, no complaints or praise really.",1
"This umbrella performs adequately, nothing special about it.",1
"The package is an average option, it's just average.",1
"I regret ever buying this mattress, worst purchase I've made.",0
"This laptop is fine, standard packaging and delivery.",1
"This subscription has excellent quality, it's outstanding overall.",2
"The shoes is amazing, it's outstanding overall.",2
"I'm so happy with this movie, it's outstanding overall.",2
"I'm so happy with the delivery, I'm extremely pleased with it.",2
"This course platform does the job, average performance overall.",1
"This app performs adequately, average performance overall.",1
"The hotel is useless, nothing works properly.",0
"This tablet is low quality, completely unusable.",0
"The package is amazing, and I'm very satisfied.",2
"This game is amazing, couldn't be happier with the result.",2
"I'm very disappointed with the headphones, very upsetting experience.",0
"This software is an average option, average performance overall.",1
"The quality of the router is poor, very upsetting experience.",0
"The price of this course is reasonable, no complaints or praise really.",1
"This backpack is amazing, best purchase I've made this year.",2
"This tool was really great, best purchase I've made this year.",2
"The restaurant was terrible, very upsetting experience.",0
"This blender was late and broken, not worth the price at all.",0
"This course platform is an average option, standard packaging and delivery.",1
"The delivery is exactly what I hoped for, totally worth every penny.",2
"The quality of the shoes is poor, I regret this purchase.",0
"This software didn't work at all, very unsatisfied overall.",0
"This software performs adequately, for what it offers.",1
"I'm very disappointed with the customer support, very upsetting experience.",0
"The headphones has excellent quality, I'm extremely pleased with it.",2
"This charger made everything so much easier, exactly what I needed.",2
"I love this app, it's outstanding overall.",2
"The phone is neither impressive nor bad, nothing special about it.",1
"This blender is neither impressive nor bad, it's fine for everyday use.",1
"The quality of the customer support is superb, it's outstanding overall.",2
"The customer support arrived as ordered, it's fine for everyday use.",1
"The restaurant was late and broken, very upsetting experience.",0
"This movie was a complete letdown, very unsatisfied overall.",0
"This app didn't work at all, very upsetting experience.",0
"This subscription made everything so much easier, totally worth every penny.",2
"I'm frustrated with the package, worst purchase I've made.",0
"The hotel performs better than I imagined, best purchase I've made this year.",2
"The delivery stopped working after one day, and a complete waste of money.",0
"I can't stop recommending this movie, it's outstanding overall.",2
"I'm frustrated with this course platform, nothing works properly.",0
"This charger made everything so much easier, couldn't be happier with the result.",2
"The car performs better than I imagined, it's outstanding overall.",2
"The car works as expected, standard packaging and delivery.",1
"The router is amazing, totally worth every penny.",2
"This book is an average option, it's just average.",1
"The package has excellent quality, best purchase I've made this year.",2
"This backpack made everything so much easier, couldn't be happier with the result.",2
"The package arrived damaged, support ignored me completely.",0
"This backpack is neither impressive nor bad, it's fine for everyday use.",1
"I regret ever buying the restaurant, support ignored me completely.",0
"This tablet is okay, for what it offers.",1
"The monitor is an average option, nothing special about it.",1
"This mattress was really great, absolutely fantastic experience.",2
"The quality of the delivery is poor, worst purchase I've made.",0
"I love the keyboard, absolutely fantastic experience.",2
"This movie is okay, average performance overall.",1
"The delivery was terrible, not worth the price at all.",0
"The price of this tool is reasonable, nothing special about it.",1
"The customer support was late and broken, not worth the price at all.",0
"The customer support is useless, nothing works properly.",0
"This movie works fine for basic needs, average performance overall.",1
"This umbrella made everything so much easier, I'm extremely pleased with it.",2
"I love the camera, and I'm very satisfied.",2
"The customer support was a complete letdown, not worth the price at all.",0
"This blender matched the description, nothing more nothing less.",1
"The delivery is an average option, average performance overall.",1
"I'm so happy with this course platform, it works perfectly every time.",2
"I regret ever buying the vacuum cleaner, completely unusable.",0
"This subscription arrived damaged, I regret this purchase.",0
"The keyboard performs adequately, standard packaging and delivery.",1
"This online store arrived damaged, worst purchase I've made.",0
"This product matched the description, meets basic requirements.",1
"The headphones is exactly what I hoped for, it's outstanding overall.",2
"I love this course platform, absolutely fantastic experience.",2
"This product performs adequately, meets basic requirements.",1
"I'm impressed by this tablet, and I'm very satisfied.",2
"I'm impressed by this online store, it's outstanding overall.",2
"I'm impressed by this tablet, I'm extremely pleased with it.",2
"The vacuum cleaner is a decent choice, for what it offers.",1
"This software works as expected, nothing more nothing less.",1
"The restaurant was terrible, very unsatisfied overall.",0
"The bicycle failed to meet even basic expectations, completely unusable.",0
"This backpack is awful, nothing works properly.",0
"This book made everything so much easier, and I'm very satisfied.",2
"This umbrella is similar to other options, for what it offers.",1
"The service arrived damaged, not worth the price at all.",0
"The bicycle is fine, for what it offers.",1
"The customer support works like a charm, couldn't be happier with the result.",2
"The watch works fine for basic needs, it's fine for everyday use.",1
"The price of the vacuum cleaner is reasonable, nothing special about it.",1
"The quality of the speaker is superb, absolutely fantastic experience.",2
"The headphones has excellent quality, and I'm very satisfied.",2
"The vacuum cleaner performs better than I imagined, I would definitely recommend it.",2
"The hotel is awful, not worth the price at all.",0
"This online store is exactly what I hoped for, it works perfectly every time.",2
"The watch works as expected, no complaints or praise really.",1
"The printer is neither impressive nor bad, for what it offers.",1
"This umbrella didn't work at all, nothing works properly.",0
"The quality of the keyboard is superb, and I'm very satisfied.",2
"This product has excellent quality, totally worth every penny.",2
"I'm very disappointed with this book, very unsatisfied overall.",0
"This chair failed to meet even basic expectations, very upsetting experience.",0
"The service arrived quickly and works flawlessly, and I'm very satisfied.",2
"This course platform arrived quickly and works flawlessly, I would definitely recommend it.",2
"I have mixed feelings about the printer, it's just average.",1
"This app is fantastic, it's outstanding overall.",2
"I love this mattress, I'm extremely pleased with it.",2
"I'm very disappointed with this tool, total failure, do not buy.",0
"I received this laptop on time, nothing more nothing less.",1
"The package matched the description, meets basic requirements.",1
"This tablet works like a charm, I'm extremely pleased with it.",2
"The keyboard is similar to other options, no surprises here.",1
"This blender is fantastic, it works perfectly every time.",2
"This game was really great, it works perfectly every time.",2
"The monitor works as expected, it's just average.",1
"This laptop failed to meet even basic expectations, worst purchase I've made.",0
"This software is exactly what I hoped for, best purchase I've made this year.",2
"The camera exceeded my expectations, best purchase I've made this year.",2
"I have mixed feelings about this course, no complaints or praise really.",1
"This book arrived damaged, and a complete waste of money.",0
"This course is okay, no complaints or praise really.",1
"This charger works as expected, standard packaging and delivery.",1
"I received the hotel on time, no complaints or praise really.",1
"I'm so happy with this game, exactly what I needed.",2
"The phone was a complete letdown, support ignored me completely.",0
"I love the delivery, it's outstanding overall.",2
"The keyboard is useless, worst purchase I've made.",0
"This game is similar to other options, meets basic requirements.",1
"I had a horrible experience with this tool, nothing works properly.",0
"The keyboard works like a charm, absolutely fantastic experience.",2
"I regret ever buying the car, very unsatisfied overall.",0
"I regret ever buying this subscription, and a complete waste of money.",0
"I love the keyboard, couldn't be happier with the result.",2
"The hotel was terrible, and a complete waste of money.",0
"This movie is fine, for what it offers.",1
"The price of the delivery is reasonable, for what it offers.",1
"The vacuum cleaner is a decent choice, meets basic requirements.",1
"This game is an average option, it's just average.",1
"This tool is useless, very unsatisfied overall.",0
"The router stopped working after one day, support ignored me completely.",0
"The service stopped working after one day, completely unusable.",0
"This subscription was late and broken, and a complete waste of money.",0
"I'm very disappointed with the vacuum cleaner, nothing works properly.",0
"The package was a complete letdown, worst purchase I've made.",0
"This mattress is amazing, I would definitely recommend it.",2
"The speaker is okay, no complaints or praise really.",1
"This jacket is low quality, not worth the price at all.",0
"I had a horrible experience with the package, very unsatisfied overall.",0
"This course platform stopped working after one day, nothing works properly.",0
"This laptop arrived as ordered, nothing more nothing less.",1
"This product is okay, no complaints or praise really.",1
"The delivery works as expected, meets basic requirements.",1
"The phone has excellent quality, I would definitely recommend it.",2
"The price of this book is reasonable, it's fine for everyday use.",1
"This online store exceeded my expectations, absolutely fantastic experience.",2
"I can't stop recommending this app, it's outstanding overall.",2
"The printer is a decent choice, nothing more nothing less.",1
"The restaurant matched the description, standard packaging and delivery.",1
"I'm frustrated with this tablet, total failure, do not buy.",0
"I'm very disappointed with this tablet, completely unusable.",0
"The headphones performs better than I imagined, and I'm very satisfied.",2
"This book is similar to other options, it's just average.",1
"The car didn't work at all, and a complete waste of money.",0
"I'm very disappointed with the service, support ignored me completely.",0
"The headphones works fine for basic needs, standard packaging and delivery.",1
"The shoes is fantastic, totally worth every penny.",2
"This chair is amazing, I would definitely recommend it.",2
"This mattress performs adequately, average performance overall.",1
"The camera works fine for basic needs, no complaints or praise really.",1
"The service is a decent choice, it's just average.",1
"This movie is neither impressive nor bad, nothing more nothing less.",1
"The car is exactly what I hoped for, absolutely fantastic experience.",2
"This blender was late and broken, total failure, do not buy.",0
"This backpack is fantastic, exactly what I needed.",2
"I'm frustrated with this course, completely unusable.",0
"This charger is low quality, very upsetting experience.",0
"This course platform was terrible, I regret this purchase.",0
"This online store works as expected, it's just average.",1
"I'm impressed by the delivery, couldn't be happier with the result.",2
"I'm frustrated with the package, completely unusable.",0
"This jacket does the job, no complaints or praise really.",1
"This game arrived as ordered, it's just average.",1
"The delivery matched the description, no surprises here.",1
"I can't stop recommending this umbrella, and I'm very satisfied.",2
"This backpack is exactly what I hoped for, exactly what I needed.",2
"This online store was terrible, I regret this purchase.",0
"This software is awful, I regret this purchase.",0
"The price of the package is reasonable, average performance overall.",1
"This online store is awful, completely unusable.",0
"The bicycle arrived as ordered, no surprises here.",1
"I'm so happy with this charger, exactly what I needed.",2
"The printer performs adequately, it's just average.",1
"The quality of the router is poor, worst purchase I've made.",0
"This product was really great, I'm extremely pleased with it.",2
"This backpack was really great, I would definitely recommend it.",2
"This app arrived damaged, worst purchase I've made.",0
"This book didn't work at all, very unsatisfied overall.",0
"This game didn't work at all, very unsatisfied overall.",0
"This blender has excellent quality, absolutely fantastic experience.",2
"The customer support performs adequately, for what it offers.",1
"I have mixed feelings about this game, meets basic requirements.",1
"This backpack is a decent choice, it's just average.",1
"This mattress is fine, nothing special about it.",1
"The quality of this tablet is superb, it's outstanding overall.",2
"This product is similar to other options, for what it offers.",1
"The phone failed to meet even basic expectations, not worth the price at all.",0
"This backpack is amazing, absolutely fantastic experience.",2
"This backpack was terrible, very upsetting experience.",0
"The price of the hotel is reasonable, nothing more nothing less.",1
"This course platform is similar to other options, standard packaging and delivery.",1
"The shoes exceeded my expectations, I'm extremely pleased with it.",2
"The router works like a charm, absolutely fantastic experience.",2
"This product matched the description, no surprises here.",1
"The printer was terrible, and a complete waste of money.",0
"The headphones was late and broken, total failure, do not buy.",0
"The delivery performs better than I imagined, best purchase I've made this year.",2
"I'm impressed by this umbrella, I would definitely recommend it.",2
"The phone is useless, not worth the price at all.",0
"This game is fine, meets basic requirements.",1
"The price of the printer is reasonable, no complaints or praise really.",1
"The speaker was late and broken, not worth the price at all.",0
"The quality of this jacket is poor, nothing works properly.",0
"The price of this product is reasonable, standard packaging and delivery.",1
"This laptop is a decent choice, for what it offers.",1
"This charger is a decent choice, meets basic requirements.",1
"This movie works like a charm, totally worth every penny.",2
"I have mixed feelings about this laptop, it's fine for everyday use.",1
"The price of the headphones is reasonable, meets basic requirements.",1
"This course is similar to other options, nothing special about it.",1
"The hotel is useless, total failure, do not buy.",0
"I regret ever buying this book, support ignored me completely.",0
"This product failed to meet even basic expectations, not worth the price at all.",0
"This app is exactly what I hoped for, best purchase I've made this year.",2
"The hotel exceeded my expectations, totally worth every penny.",2
"This mattress works like a charm, absolutely fantastic experience.",2
"The bicycle arrived quickly and works flawlessly, exactly what I needed.",2
"This chair stopped working after one day, completely unusable.",0
"This laptop was late and broken, and a complete waste of money.",0
"The gym membership was late and broken, I regret this purchase.",0
"This tool is okay, meets basic requirements.",1
"This book was really great, it's outstanding overall.",2
"The vacuum cleaner is fantastic, I would definitely recommend it.",2
"This online store is similar to other options, meets basic requirements.",1
"This course is amazing, exactly what I needed.",2
"The keyboard arrived damaged, and a complete waste of money.",0
"The headphones was late and broken, very upsetting experience.",0
"I love this mattress, couldn't be happier with the result.",2
"The gym membership failed to meet even basic expectations, I regret this purchase.",0
"The keyboard made everything so much easier, couldn't be happier with the result.",2
"This product failed to meet even basic expectations, total failure, do not buy.",0
"The router was really great, couldn't be happier with the result.",2
"The delivery was late and broken, and a complete waste of money.",0
"This software made everything so much easier, totally worth every penny.",2
"This charger is exactly what I hoped for, absolutely fantastic experience.",2
"This backpack performs better than I imagined, absolutely fantastic experience.",2
"The phone arrived damaged, I regret this purchase.",0
"The gym membership does the job, average performance overall.",1
"The quality of this product is poor, not worth the price at all.",0
"The gym membership has excellent quality, it's outstanding overall.",2
"This book arrived damaged, nothing works properly.",0
"The watch works as expected, nothing more nothing less.",1
"The delivery was late and broken, completely unusable.",0
"I'm so happy with the restaurant, exactly what I needed.",2
"The monitor is neither impressive nor bad, it's just average.",1
"I'm frustrated with this book, support ignored me completely.",0
"I can't stop recommending the gym membership, it's outstanding overall.",2
"This book performs better than I imagined, absolutely fantastic experience.",2
"This blender is exactly what I hoped for, and I'm very satisfied.",2
"This online store stopped working after one day, and a complete waste of money.",0
"The quality of this umbrella is superb, and I'm very satisfied.",2
"The quality of this mattress is superb, best purchase I've made this year.",2
"The hotel works like a charm, totally worth every penny.",2
"The phone performs better than I imagined, it works perfectly every time.",2
"This game is fine, it's fine for everyday use.",1
"The headphones does the job, for what it offers.",1
"The bicycle does the job, nothing more nothing less.",1
"I'm frustrated with the delivery, support ignored me completely.",0
"The speaker made everything so much easier, best purchase I've made this year.",2
"This umbrella is amazing, best purchase I've made this year.",2
"The camera was terrible, support ignored me completely.",0
"This tablet matched the description, nothing more nothing less.",1
"I'm frustrated with the keyboard, and a complete waste of money.",0
"This umbrella matched the description, no surprises here.",1
"This tool was terrible, very upsetting experience.",0
"I'm frustrated with the car, worst purchase I've made.",0
"The service is a decent choice, no surprises here.",1
"The vacuum cleaner is awful, support ignored me completely.",0
"This mattress was really great, I would definitely recommend it.",2
"This game works fine for basic needs, for what it offers.",1
"The phone works as expected, meets basic requirements.",1
"The phone failed to meet even basic expectations, worst purchase I've made.",0
"The camera is an average option, nothing special about it.",1
"The quality of the car is poor, very unsatisfied overall.",0
"The router is an average option, nothing special about it.",1
"The service matched the description, it's just average.",1
"I love this laptop, I would definitely recommend it.",2
"The quality of the watch is poor, completely unusable.",0
"I received the phone on time, it's fine for everyday use.",1
"The quality of the router is poor, nothing works properly.",0
"I can't stop recommending the router, it's outstanding overall.",2
"This blender performs adequately, nothing special about it.",1
"The quality of the printer is poor, very upsetting experience.",0
"This tool is neither impressive nor bad, meets basic requirements.",1
"I'm frustrated with the headphones, not worth the price at all.",0
"The router is similar to other options, no surprises here.",1
"The customer support is fantastic, I would definitely recommend it.",2
"This umbrella was really great, couldn't be happier with the result.",2
"This app performs better than I imagined, exactly what I needed.",2
"I'm frustrated with this online store, I regret this purchase.",0
"This tool is similar to other options, no surprises here.",1
"This blender matched the description, nothing special about it.",1
"I'm impressed by this movie, I'm extremely pleased with it.",2
"I'm impressed by the keyboard, couldn't be happier with the result.",2
"This movie has excellent quality, it works perfectly every time.",2
"This tablet is fine, standard packaging and delivery.",1
"The service does the job, nothing special about it.",1
"The watch is a decent choice, it's just average.",1
"The shoes is exactly what I hoped for, it's outstanding overall.",2
"I'm impressed by this charger, absolutely fantastic experience.",2
"The quality of the bicycle is superb, absolutely fantastic experience.",2
"This subscription is useless, worst purchase I've made.",0
"This game exceeded my expectations, couldn't be happier with the result.",2
"The quality of the phone is poor, and a complete waste of money.",0
"This umbrella performs better than I imagined, it works perfectly every time.",2
"The speaker is awful, I regret this purchase.",0
"The package failed to meet even basic expectations, not worth the price at all.",0
"The quality of this umbrella is superb, absolutely fantastic experience.",2
"This umbrella arrived damaged, not worth the price at all.",0
"This mattress works fine for basic needs, average performance overall.",1
"The vacuum cleaner is awful, total failure, do not buy.",0
"This course platform failed to meet even basic expectations, total failure, do not buy.",0
"The delivery performs adequately, it's fine for everyday use.",1
"The watch works fine for basic needs, meets basic requirements.",1
"This software is fine, standard packaging and delivery.",1
"The speaker is useless, nothing works properly.",0
"The quality of the router is superb, I would definitely recommend it.",2
"The headphones works as expected, it's just average.",1
"I love the monitor, couldn't be happier with the result.",2
"This tool is fantastic, I would definitely recommend it.",2
"The service was terrible, very upsetting experience.",0
"The price of this laptop is reasonable, standard packaging and delivery.",1
"The package stopped working after one day, worst purchase I've made.",0
"The watch performs better than I imagined, I would definitely recommend it.",2
"The keyboard is useless, not worth the price at all.",0
"This backpack made everything so much easier, absolutely fantastic experience.",2
"This backpack was terrible, I regret this purchase.",0
"The customer support exceeded my expectations, totally worth every penny.",2
"The speaker works as expected, it's fine for everyday use.",1
"This blender is okay, nothing more nothing less.",1
"The car is fantastic, absolutely fantastic experience.",2
"The service has excellent quality, couldn't be happier with the result.",2
"This course is amazing, and I'm very satisfied.",2
"The price of the service is reasonable, standard packaging and delivery.",1
"I'm so happy with the car, and I'm very satisfied.",2
"This online store arrived quickly and works flawlessly, best purchase I've made this year.",2
"This app has excellent quality, and I'm very satisfied.",2
"I love the service, couldn't be happier with the result.",2
"I love this backpack, I would definitely recommend it.",2
"The speaker was really great, couldn't be happier with the result.",2
"I love the speaker, and I'm very satisfied.",2
"The service has excellent quality, totally worth every penny.",2
"The car is useless, not worth the price at all.",0
"The hotel arrived as ordered, no surprises here.",1
"This product works as expected, standard packaging and delivery.",1
"The price of the router is reasonable, nothing special about it.",1
"The keyboard is low quality, worst purchase I've made.",0
"The package performs adequately, it's just average.",1
"The camera is low quality, nothing works properly.",0
"The keyboard is awful, I regret this purchase.",0
"This jacket failed to meet even basic expectations, nothing works properly.",0
"The customer support was late and broken, completely unusable.",0
"This course platform is useless, nothing works properly.",0
"The printer works fine for basic needs, it's fine for everyday use.",1
"This subscription didn't work at all, worst purchase I've made.",0
"This laptop does the job, nothing more nothing less.",1
"I'm very disappointed with the hotel, very upsetting experience.",0
"The headphones didn't work at all, very upsetting experience.",0
"The hotel performs better than I imagined, totally worth every penny.",2
"This tool failed to meet even basic expectations, total failure, do not buy.",0
"I can't stop recommending the car, absolutely fantastic experience.",2
"The monitor works fine for basic needs, it's just average.",1
"The restaurant is fantastic, I would definitely recommend it.",2
"The price of this backpack is reasonable, standard packaging and delivery.",1
"This app is an average option, no complaints or praise really.",1
"This course was late and broken, completely unusable.",0
"The gym membership arrived as ordered, it's fine for everyday use.",1
"I'm so happy with this jacket, I'm extremely pleased with it.",2
"This app is awful, very unsatisfied overall.",0
"The hotel is amazing, it's outstanding overall.",2
"This software works fine for basic needs, no surprises here.",1
"I received this game on time, it's just average.",1
"This book works as expected, meets basic requirements.",1
"This jacket is neither impressive nor bad, no complaints or praise really.",1
"This game matched the description, nothing special about it.",1
"This course exceeded my expectations, it's outstanding overall.",2
"I love the bicycle, I would definitely recommend it.",2
"This backpack works like a charm, it works perfectly every time.",2
"The quality of this charger is superb, it works perfectly every time.",2
"The price of this backpack is reasonable, nothing special about it.",1
"I love this charger, totally worth every penny.",2
"This online store is fantastic, exactly what I needed.",2
"The restaurant works as expected, nothing special about it.",1
"The restaurant performs adequately, meets basic requirements.",1
"I'm so happy with the service, and I'm very satisfied.",2
"This backpack is an average option, standard packaging and delivery.",1
"I'm impressed by this umbrella, couldn't be happier with the result.",2
"The bicycle was terrible, not worth the price at all.",0
"The speaker failed to meet even basic expectations, worst purchase I've made.",0
"This tablet is an average option, for what it offers.",1
"I'm so happy with this tool, totally worth every penny.",2
"The speaker is fantastic, I would definitely recommend it.",2
"The quality of this product is superb, totally worth every penny.",2
"The customer support is low quality, completely unusable.",0
"This umbrella has excellent quality, I'm extremely pleased with it.",2
"The shoes works as expected, no complaints or praise really.",1
"I can't stop recommending this product, totally worth every penny.",2
"The router performs adequately, meets basic requirements.",1
"The package is an average option, no surprises here.",1
"The headphones is fine, standard packaging and delivery.",1
"I'm impressed by this movie, I would definitely recommend it.",2
"I love this tablet, couldn't be happier with the result.",2
"I'm so happy with this online store, best purchase I've made this year.",2
"I'm impressed by the printer, I'm extremely pleased with it.",2
"The restaurant is exactly what I hoped for, I'm extremely pleased with it.",2
"The price of the restaurant is reasonable, meets basic requirements.",1
"The bicycle arrived as ordered, standard packaging and delivery.",1
"This charger does the job, average performance overall.",1
"I'm so happy with this software, best purchase I've made this year.",2
"This backpack is low quality, worst purchase I've made.",0
"The package made everything so much easier, it works perfectly every time.",2
"This charger is okay, it's fine for everyday use.",1
"I'm frustrated with the hotel, very upsetting experience.",0
"This software works like a charm, it works perfectly every time.",2
"I have mixed feelings about the watch, it's fine for everyday use.",1
"This course was terrible, worst purchase I've made.",0
"The keyboard is amazing, couldn't be happier with the result.",2
"I received the keyboard on time, standard packaging and delivery.",1
"The service is a decent choice, nothing special about it.",1
"I'm frustrated with this game, I regret this purchase.",0
"I can't stop recommending the restaurant, and I'm very satisfied.",2
"The phone failed to meet even basic expectations, very upsetting experience.",0
"The shoes made everything so much easier, totally worth every penny.",2
"The service was a complete letdown, very unsatisfied overall.",0
"This course is awful, not worth the price at all.",0
"The monitor is fantastic, absolutely fantastic experience.",2
"I had a horrible experience with this charger, very unsatisfied overall.",0
"This software is useless, worst purchase I've made.",0
"This app arrived quickly and works flawlessly, and I'm very satisfied.",2
"I regret ever buying this chair, total failure, do not buy.",0
"This online store was late and broken, nothing works properly.",0
"I regret ever buying this charger, nothing works properly.",0
"The keyboard is fantastic, I'm extremely pleased with it.",2
"This chair stopped working after one day, nothing works properly.",0
"The package is fine, average performance overall.",1
"This mattress was terrible, I regret this purchase.",0
"I can't stop recommending the service, it's outstanding overall.",2
"This book exceeded my expectations, it's outstanding overall.",2
"The shoes performs better than I imagined, I would definitely recommend it.",2
"The package was a complete letdown, I regret this purchase.",0
"The printer was late and broken, not worth the price at all.",0
"The keyboard is low quality, total failure, do not buy.",0
"The car didn't work at all, worst purchase I've made.",0
"This subscription was a complete letdown, I regret this purchase.",0
"The quality of the headphones is poor, support ignored me completely.",0
"This course platform is okay, no complaints or praise really.",1
"I'm impressed by the speaker, I'm extremely pleased with it.",2
"I love this backpack, it's outstanding overall.",2
"This subscription was terrible, very upsetting experience.",0
"This software is a decent choice, average performance overall.",1
"I can't stop recommending the gym membership, and I'm very satisfied.",2
"I have mixed feelings about this subscription, it's just average.",1
"This laptop arrived quickly and works flawlessly, absolutely fantastic experience.",2
"The restaurant is amazing, best purchase I've made this year.",2
"The bicycle arrived damaged, and a complete waste of money.",0
"This course is okay, nothing special about it.",1
"This tablet works fine for basic needs, no complaints or praise really.",1
"This backpack arrived damaged, completely unusable.",0
"I received the service on time, nothing more nothing less.",1
"The hotel didn't work at all, not worth the price at all.",0
"This game performs adequately, no complaints or praise really.",1
"This game failed to meet even basic expectations, completely unusable.",0
"This chair is awful, not worth the price at all.",0
"The quality of the restaurant is poor, not worth the price at all.",0
"I'm very disappointed with the shoes, I regret this purchase.",0
"The router is amazing, exactly what I needed.",2
"This tablet exceeded my expectations, and I'm very satisfied.",2
"The restaurant stopped working after one day, and a complete waste of money.",0
"This movie arrived as ordered, it's just average.",1
"This charger is similar to other options, no complaints or praise really.",1
"I can't stop recommending the watch, best purchase I've made this year.",2
"This software is similar to other options, it's fine for everyday use.",1
"The car matched the description, no complaints or praise really.",1
"This online store arrived damaged, very upsetting experience.",0
"This umbrella failed to meet even basic expectations, very upsetting experience.",0
"The keyboard stopped working after one day, not worth the price at all.",0
"This course platform is awful, nothing works properly.",0
"The package arrived damaged, not worth the price at all.",0
"The price of the delivery is reasonable, no complaints or praise really.",1
"The vacuum cleaner is exactly what I hoped for, exactly what I needed.",2
"This tablet is exactly what I hoped for, totally worth every penny.",2
"The price of the phone is reasonable, it's just average.",1
"The price of this jacket is reasonable, nothing special about it.",1
"I had a horrible experience with this software, not worth the price at all.",0
"The camera does the job, average performance overall.",1
"I can't stop recommending this online store, absolutely fantastic experience.",2
"This product failed to meet even basic expectations, very unsatisfied overall.",0
"The gym membership arrived damaged, worst purchase I've made.",0
"The headphones is exactly what I hoped for, exactly what I needed.",2
"I love this product, it works perfectly every time.",2
"This book is okay, it's just average.",1
"The vacuum cleaner works fine for basic needs, no complaints or praise really.",1
"The watch performs better than I imagined, it works perfectly every time.",2
"The shoes is neither impressive nor bad, for what it offers.",1
"I'm very disappointed with this mattress, I regret this purchase.",0
"The printer is a decent choice, standard packaging and delivery.",1
"This tool failed to meet even basic expectations, support ignored me completely.",0
"The restaurant is amazing, it works perfectly every time.",2
"This laptop was terrible, total failure, do not buy.",0
"This blender works like a charm, totally worth every penny.",2
"The delivery exceeded my expectations, exactly what I needed.",2
"I received this charger on time, it's just average.",1
"The hotel arrived damaged, very unsatisfied overall.",0
"I'm impressed by the camera, exactly what I needed.",2
"This tablet is fine, no surprises here.",1
"I have mixed feelings about this course, for what it offers.",1
"I had a horrible experience with this product, completely unusable.",0
"I had a horrible experience with the shoes, completely unusable.",0
"The keyboard is awful, and a complete waste of money.",0
"This product is exactly what I hoped for, I would definitely recommend it.",2
"This product matched the description, for what it offers.",1
"The service performs adequately, nothing special about it.",1
"I can't stop recommending this app, totally worth every penny.",2
"This course platform was a complete letdown, nothing works properly.",0
"The headphones didn't work at all, completely unusable.",0
"This umbrella was terrible, nothing works properly.",0
"This blender arrived damaged, support ignored me completely.",0
"The router is exactly what I hoped for, couldn't be happier with the result.",2
"This mattress is neither impressive nor bad, it's just average.",1
"The phone performs adequately, standard packaging and delivery.",1
"This software is neither impressive nor bad, average performance overall.",1
"The watch works as expected, it's just average.",1
"I have mixed feelings about this blender, average performance overall.",1
"This mattress does the job, no complaints or praise really.",1
"I'm very disappointed with this tablet, total failure, do not buy.",0
"The camera was really great, it's outstanding overall.",2
"I received the phone on time, nothing special about it.",1
"The phone is okay, average performance overall.",1
"This umbrella was late and broken, support ignored me completely.",0
"This tool stopped working after one day, nothing works properly.",0
"This product is awful, total failure, do not buy.",0
"I'm very disappointed with the printer, nothing works properly.",0
"The bicycle was late and broken, very unsatisfied overall.",0
"This chair was a complete letdown, very upsetting experience.",0
"The hotel is awful, and a complete waste of money.",0
"The printer is awful, worst purchase I've made.",0
"The restaurant is similar to other options, for what it offers.",1
"I had a horrible experience with this jacket, not worth the price at all.",0
"This subscription works fine for basic needs, nothing special about it.",1
"The keyboard exceeded my expectations, I'm extremely pleased with it.",2
"The camera is similar to other options, it's fine for everyday use.",1
"I'm so happy with this charger, couldn't be happier with the result.",2
"I have mixed feelings about the printer, average performance overall.",1
"This movie arrived as ordered, no surprises here.",1
"I can't stop recommending the delivery, it's outstanding overall.",2
"I received the speaker on time, nothing more nothing less.",1
"This charger is neither impressive nor bad, nothing more nothing less.",1
"The restaurant is exactly what I hoped for, and I'm very satisfied.",2
"The price of this charger is reasonable, it's fine for everyday use.",1
"This course is low quality, not worth the price at all.",0
"The service performs better than I imagined, it works perfectly every time.",2
"The printer matched the description, standard packaging and delivery.",1
"The quality of this course is poor, support ignored me completely.",0
"I love the shoes, it's outstanding overall.",2
"I received this backpack on time, no surprises here.",1
"The keyboard has excellent quality, couldn't be happier with the result.",2
"I'm very disappointed with this backpack, not worth the price at all.",0
"I have mixed feelings about the shoes, for what it offers.",1
"This course is fine, nothing more nothing less.",1
"I'm frustrated with this blender, completely unusable.",0
"I regret ever buying this game, and a complete waste of money.",0
"The headphones is amazing, exactly what I needed.",2
"This tablet is useless, not worth the price at all.",0
"The bicycle works as expected, nothing special about it.",1
"The speaker works as expected, nothing more nothing less.",1
"I had a horrible experience with the watch, and a complete waste of money.",0
"This game works like a charm, and I'm very satisfied.",2
"This subscription was late and broken, I regret this purchase.",0
"The quality of this app is poor, very unsatisfied overall.",0
"The package made everything so much easier, I'm extremely pleased with it.",2
"This tablet works fine for basic needs, nothing more nothing less.",1
"This game matched the description, no surprises here.",1
"I love the delivery, I would definitely recommend it.",2
"I regret ever buying the restaurant, worst purchase I've made.",0
"The speaker is amazing, exactly what I needed.",2
"The headphones performs adequately, standard packaging and delivery.",1
"The router is exactly what I hoped for, exactly what I needed.",2
"The phone is low quality, very unsatisfied overall.",0
"I regret ever buying this chair, very upsetting experience.",0
"This online store was a complete letdown, not worth the price at all.",0
"I'm very disappointed with this product, and a complete waste of money.",0
"This online store was terrible, nothing works properly.",0
"I had a horrible experience with the router, very unsatisfied overall.",0
"The delivery is low quality, total failure, do not buy.",0
"The watch is fantastic, I would definitely recommend it.",2
"The package is exactly what I hoped for, best purchase I've made this year.",2
"The gym membership has excellent quality, exactly what I needed.",2
"This subscription was a complete letdown, very unsatisfied overall.",0
"The monitor failed to meet even basic expectations, very unsatisfied overall.",0
"This backpack was terrible, and a complete waste of money.",0
"I have mixed feelings about this app, nothing special about it.",1
"The customer support performs adequately, nothing more nothing less.",1
"I can't stop recommending the camera, it's outstanding overall.",2
"The bicycle arrived damaged, I regret this purchase.",0
"The hotel was really great, best purchase I've made this year.",2
"This product made everything so much easier, best purchase I've made this year.",2
"This online store exceeded my expectations, exactly what I needed.",2
"This subscription didn't work at all, nothing works properly.",0
"This charger is awful, I regret this purchase.",0
"This product made everything so much easier, it works perfectly every time.",2
"The phone is a decent choice, meets basic requirements.",1
"This backpack is low quality, I regret this purchase.",0
"The customer support failed to meet even basic expectations, very unsatisfied overall.",0
"I regret ever buying this course, total failure, do not buy.",0
"The customer support arrived damaged, and a complete waste of money.",0
"This course platform is exactly what I hoped for, exactly what I needed.",2
"This course platform is awful, completely unusable.",0
"This tablet was terrible, nothing works properly.",0
"This book has excellent quality, exactly what I needed.",2
"I'm impressed by the package, totally worth every penny.",2
"The keyboard works like a charm, and I'm very satisfied.",2
"This charger is fantastic, I'm extremely pleased with it.",2
"The price of this umbrella is reasonable, nothing special about it.",1
"The watch arrived as ordered, average performance overall.",1
"This mattress is amazing, couldn't be happier with the result.",2
"I had a horrible experience with the package, not worth the price at all.",0
"This backpack does the job, it's fine for everyday use.",1
"I'm very disappointed with the camera, very upsetting experience.",0
"This chair works as expected, it's fine for everyday use.",1
"This game is awful, total failure, do not buy.",0
"The keyboard is a decent choice, it's fine for everyday use.",1
"The service was late and broken, total failure, do not buy.",0
"This charger arrived as ordered, average performance overall.",1
"This course platform is okay, average performance overall.",1
"The customer support is similar to other options, it's just average.",1
"This jacket is an average option, nothing special about it.",1
"The phone was a complete letdown, worst purchase I've made.",0
"This app is neither impressive nor bad, it's fine for everyday use.",1
"This laptop works fine for basic needs, meets basic requirements.",1
"This backpack was late and broken, support ignored me completely.",0
"I'm very disappointed with the headphones, nothing works properly.",0
"I'm impressed by the router, couldn't be happier with the result.",2
"This game exceeded my expectations, absolutely fantastic experience.",2
"The quality of this jacket is poor, completely unusable.",0
"The headphones arrived as ordered, meets basic requirements.",1
"The printer is fantastic, absolutely fantastic experience.",2
"I have mixed feelings about this movie, it's just average.",1
"This online store failed to meet even basic expectations, I regret this purchase.",0
"This software is exactly what I hoped for, I'm extremely pleased with it.",2
"This book is fantastic, couldn't be happier with the result.",2
"I regret ever buying this course platform, support ignored me completely.",0
"This backpack is fine, it's just average.",1
"The printer is fine, average performance overall.",1
"The quality of this umbrella is poor, very unsatisfied overall.",0
"The price of the headphones is reasonable, average performance overall.",1
"The customer support is useless, I regret this purchase.",0
"The watch exceeded my expectations, totally worth every penny.",2
"The delivery is amazing, and I'm very satisfied.",2
"I'm so happy with this charger, totally worth every penny.",2
"This umbrella didn't work at all, and a complete waste of money.",0
"The bicycle has excellent quality, exactly what I needed.",2
"This course platform is fantastic, absolutely fantastic experience.",2
"The restaurant arrived quickly and works flawlessly, it's outstanding overall.",2
"This backpack stopped working after one day, support ignored me completely.",0
"This software works like a charm, and I'm very satisfied.",2
"The package is okay, it's just average.",1
"This umbrella is neither impressive nor bad, it's just average.",1
"The phone performs adequately, nothing special about it.",1
"This app does the job, no complaints or praise really.",1
"The speaker arrived damaged, total failure, do not buy.",0
"This tablet works as expected, it's just average.",1
"The quality of this movie is poor, worst purchase I've made.",0
"The speaker is amazing, I'm extremely pleased with it.",2
"The price of this online store is reasonable, it's just average.",1
"I have mixed feelings about this umbrella, standard packaging and delivery.",1
"The price of the keyboard is reasonable, for what it offers.",1
"The camera exceeded my expectations, it works perfectly every time.",2
"This app is fine, standard packaging and delivery.",1
"I'm very disappointed with this blender, support ignored me completely.",0
"The keyboard is fine, for what it offers.",1
"The bicycle is awful, completely unusable.",0
"This jacket is exactly what I hoped for, I'm extremely pleased with it.",2
"The customer support is an average option, it's just average.",1
"I'm impressed by the monitor, exactly what I needed.",2
"The price of this chair is reasonable, no complaints or praise really.",1
"This blender is similar to other options, it's fine for everyday use.",1
"I can't stop recommending the keyboard, absolutely fantastic experience.",2
"This book arrived quickly and works flawlessly, I would definitely recommend it.",2
"I'm impressed by this product, couldn't be happier with the result.",2
"I'm so happy with the gym membership, absolutely fantastic experience.",2
"I'm so happy with the printer, it works perfectly every time.",2
"I'm so happy with the phone, absolutely fantastic experience.",2
"The package matched the description, it's fine for everyday use.",1
"I had a horrible experience with this mattress, nothing works properly.",0
"The package performs adequately, nothing more nothing less.",1
"This umbrella didn't work at all, completely unusable.",0
"This jacket was really great, it's outstanding overall.",2
"This blender is neither impressive nor bad, nothing special about it.",1
"This product has excellent quality, exactly what I needed.",2
"The customer support performs adequately, standard packaging and delivery.",1
"I can't stop recommending the phone, couldn't be happier with the result.",2
"The bicycle arrived as ordered, for what it offers.",1
"I received the vacuum cleaner on time, nothing special about it.",1
"I can't stop recommending the vacuum cleaner, exactly what I needed.",2
"I'm very disappointed with this mattress, nothing works properly.",0
"I'm very disappointed with the service, worst purchase I've made.",0
"The keyboard exceeded my expectations, exactly what I needed.",2
"This software has excellent quality, couldn't be happier with the result.",2
"This app is neither impressive nor bad, for what it offers.",1
"I'm very disappointed with this software, and a complete waste of money.",0
"The phone works like a charm, I would definitely recommend it.",2
"The bicycle stopped working after one day, very unsatisfied overall.",0
"The bicycle was really great, it's outstanding overall.",2
"I'm frustrated with this software, nothing works properly.",0
"The shoes failed to meet even basic expectations, total failure, do not buy.",0
"The vacuum cleaner arrived as ordered, for what it offers.",1
"I can't stop recommending this game, it works perfectly every time.",2
"The car was late and broken, nothing works properly.",0
"I can't stop recommending the headphones, exactly what I needed.",2
"The vacuum cleaner works fine for basic needs, it's fine for everyday use.",1
"The hotel has excellent quality, totally worth every penny.",2
"I love this chair, it works perfectly every time.",2
"I'm impressed by the customer support, couldn't be happier with the result.",2
"This online store is an average option, for what it offers.",1
"The delivery is exactly what I hoped for, it works perfectly every time.",2
"This umbrella is low quality, and a complete waste of money.",0
"The bicycle arrived damaged, very upsetting experience.",0
"The bicycle exceeded my expectations, it's outstanding overall.",2
"The camera was really great, exactly what I needed.",2
"The price of this software is reasonable, it's just average.",1
"This backpack is fine, meets basic requirements.",1
"This movie works fine for basic needs, no surprises here.",1
"The vacuum cleaner performs better than I imagined, totally worth every penny.",2
"The speaker is amazing, it works perfectly every time.",2
"The bicycle has excellent quality, I'm extremely pleased with it.",2
"I have mixed feelings about this chair, standard packaging and delivery.",1
"I regret ever buying this software, and a complete waste of money.",0
"The keyboard is an average option, standard packaging and delivery.",1
"The phone stopped working after one day, I regret this purchase.",0
"I received the service on time, no complaints or praise really.",1
"The delivery was terrible, completely unusable.",0
"The delivery didn't work at all, I regret this purchase.",0
"This tool is useless, total failure, do not buy.",0
"The gym membership arrived quickly and works flawlessly, totally worth every penny.",2
"The quality of the keyboard is poor, very unsatisfied overall.",0
"The headphones failed to meet even basic expectations, worst purchase I've made.",0
"The price of this course platform is reasonable, for what it offers.",1
"This mattress is an average option, it's fine for everyday use.",1
"The bicycle is fantastic, I would definitely recommend it.",2
"The bicycle failed to meet even basic expectations, and a complete waste of money.",0
"I'm frustrated with this backpack, I regret this purchase.",0
"This course was late and broken, and a complete waste of money.",0
"I received this mattress on time, nothing special about it.",1
"This tablet is useless, worst purchase I've made.",0
"The car made everything so much easier, it works perfectly every time.",2
"I'm very disappointed with this software, very upsetting experience.",0
"This backpack made everything so much easier, I'm extremely pleased with it.",2
"The car has excellent quality, absolutely fantastic experience.",2
"This movie is okay, nothing more nothing less.",1
"The service was really great, absolutely fantastic experience.",2
"The router was late and broken, very upsetting experience.",0
"The customer support is okay, standard packaging and delivery.",1
"This subscription was late and broken, nothing works properly.",0
"The quality of this app is superb, best purchase I've made this year.",2
"This backpack is useless, very unsatisfied overall.",0
"This course platform failed to meet even basic expectations, worst purchase I've made.",0
"This product stopped working after one day, worst purchase I've made.",0
"The quality of the camera is poor, worst purchase I've made.",0
"This course platform didn't work at all, completely unusable.",0
"This subscription was terrible, worst purchase I've made.",0
"The watch is amazing, exactly what I needed.",2
"The router is a decent choice, average performance overall.",1
"I regret ever buying this online store, I regret this purchase.",0
"This charger performs better than I imagined, absolutely fantastic experience.",2
"The bicycle is low quality, support ignored me completely.",0
"This software matched the description, nothing more nothing less.",1
"This jacket is exactly what I hoped for, best purchase I've made this year.",2
"The hotel made everything so much easier, absolutely fantastic experience.",2
"The quality of the customer support is poor, support ignored me completely.",0
"I can't stop recommending this laptop, it works perfectly every time.",2
"This movie failed to meet even basic expectations, very upsetting experience.",0
"This book is a decent choice, it's fine for everyday use.",1
"The service works as expected, it's fine for everyday use.",1
"This course platform matched the description, standard packaging and delivery.",1
"The watch performs adequately, for what it offers.",1
"I'm frustrated with this jacket, nothing works properly.",0
"This backpack is a decent choice, meets basic requirements.",1
"This tool is okay, no surprises here.",1
"This product is useless, very upsetting experience.",0
"This blender is okay, average performance overall.",1
"I love this online store, it works perfectly every time.",2
"The hotel was a complete letdown, very upsetting experience.",0
"I received this software on time, nothing special about it.",1
"I have mixed feelings about the customer support, meets basic requirements.",1
"The watch arrived damaged, not worth the price at all.",0
"This tablet was late and broken, not worth the price at all.",0
"The keyboard performs better than I imagined, it works perfectly every time.",2
"This tablet arrived damaged, completely unusable.",0
"I'm very disappointed with the watch, completely unusable.",0
"The gym membership is low quality, I regret this purchase.",0
"This charger exceeded my expectations, and I'm very satisfied.",2
"The service arrived quickly and works flawlessly, it's outstanding overall.",2
"The camera works fine for basic needs, meets basic requirements.",1
"The shoes is neither impressive nor bad, nothing special about it.",1
"I received the package on time, for what it offers.",1
"I regret ever buying this app, very unsatisfied overall.",0
"This subscription is an average option, no complaints or praise really.",1
"This subscription does the job, for what it offers.",1
"The headphones arrived damaged, very unsatisfied overall.",0
"This jacket arrived damaged, completely unusable.",0
"The gym membership is amazing, I'm extremely pleased with it.",2
"The camera works like a charm, couldn't be happier with the result.",2
"This tool exceeded my expectations, it's outstanding overall.",2
"The router was a complete letdown, total failure, do not buy.",0
"The bicycle does the job, no surprises here.",1
"The headphones arrived as ordered, standard packaging and delivery.",1
"The quality of the camera is superb, I'm extremely pleased with it.",2
"The phone works fine for basic needs, nothing special about it.",1
"The delivery is low quality, very unsatisfied overall.",0
"The gym membership has excellent quality, it works perfectly every time.",2
"This app exceeded my expectations, it works perfectly every time.",2
"The bicycle is a decent choice, nothing special about it.",1
"The restaurant arrived damaged, support ignored me completely.",0
"This book made everything so much easier, absolutely fantastic experience.",2
"This book has excellent quality, totally worth every penny.",2
"This charger does the job, it's just average.",1
"I had a horrible experience with the router, support ignored me completely.",0
"I received the camera on time, nothing more nothing less.",1
"The camera arrived as ordered, no surprises here.",1
"This blender exceeded my expectations, it's outstanding overall.",2
"This chair is exactly what I hoped for, I'm extremely pleased with it.",2
"I'm so happy with this app, and I'm very satisfied.",2
"This software matched the description, for what it offers.",1
"The service works as expected, nothing special about it.",1
"This tool has excellent quality, best purchase I've made this year.",2
"This product arrived damaged, very unsatisfied overall.",0
"I'm impressed by this jacket, it works perfectly every time.",2
"This tool was really great, and I'm very satisfied.",2
"This movie arrived damaged, worst purchase I've made.",0
"This laptop works fine for basic needs, no surprises here.",1
"The restaurant is okay, no complaints or praise really.",1
"I can't stop recommending this book, I would definitely recommend it.",2
"The hotel is exactly what I hoped for, absolutely fantastic experience.",2
"The package is amazing, I would definitely recommend it.",2
"The car is low quality, completely unusable.",0
"This tablet does the job, it's fine for everyday use.",1
"This blender is awful, very unsatisfied overall.",0
"This backpack works as expected, nothing special about it.",1
"This umbrella is an average option, average performance overall.",1
"The car does the job, for what it offers.",1
"This tablet is fantastic, it's outstanding overall.",2
"I'm so happy with the hotel, and I'm very satisfied.",2
"I'm so happy with this tablet, it works perfectly every time.",2
"I regret ever buying this online store, very unsatisfied overall.",0
"I had a horrible experience with the phone, support ignored me completely.",0
"The printer failed to meet even basic expectations, I regret this purchase.",0
"I have mixed feelings about the package, it's just average.",1
"This course arrived damaged, nothing works properly.",0
"This product arrived quickly and works flawlessly, best purchase I've made this year.",2
"This online store was really great, couldn't be happier with the result.",2
"This blender matched the description, it's fine for everyday use.",1
"This game is an average option, no surprises here.",1
"The vacuum cleaner works fine for basic needs, nothing special about it.",1
"The shoes has excellent quality, I would definitely recommend it.",2
"This software didn't work at all, I regret this purchase.",0
"I can't stop recommending the delivery, couldn't be happier with the result.",2
"This book is neither impressive nor bad, no complaints or praise really.",1
"I'm very disappointed with this movie, completely unusable.",0
"This game matched the description, meets basic requirements.",1
"The router works as expected, it's fine for everyday use.",1
"This laptop made everything so much easier, absolutely fantastic experience.",2
"The keyboard works fine for basic needs, it's fine for everyday use.",1
"This chair performs better than I imagined, I would definitely recommend it.",2
"The customer support is exactly what I hoped for, it's outstanding overall.",2
"I can't stop recommending this backpack, and I'm very satisfied.",2
"This book works as expected, nothing more nothing less.",1
"This product made everything so much easier, I'm extremely pleased with it.",2
"This movie exceeded my expectations, totally worth every penny.",2
"The restaurant was really great, and I'm very satisfied.",2
"The camera performs better than I imagined, exactly what I needed.",2
"The phone performs adequately, it's fine for everyday use.",1
"This game failed to meet even basic expectations, I regret this purchase.",0
"The quality of the camera is poor, and a complete waste of money.",0
"The hotel failed to meet even basic expectations, very upsetting experience.",0
"This product is exactly what I hoped for, couldn't be happier with the result.",2
"This game is okay, it's just average.",1
"The restaurant works as expected, average performance overall.",1
"I have mixed feelings about this app, no surprises here.",1
"I had a horrible experience with the router, very upsetting experience.",0
"The service was really great, it works perfectly every time.",2
"The gym membership stopped working after one day, very upsetting experience.",0
"I received the printer on time, nothing more nothing less.",1
"This course platform was a complete letdown, completely unusable.",0
"The phone is neither impressive nor bad, nothing more nothing less.",1
"I received this blender on time, it's just average.",1
"The quality of the router is poor, and a complete waste of money.",0
"This blender is an average option, nothing special about it.",1
"The keyboard is fine, average performance overall.",1
"This jacket does the job, nothing more nothing less.",1
"This chair works fine for basic needs, no complaints or praise really.",1
"I have mixed feelings about the printer, standard packaging and delivery.",1
"I'm impressed by this laptop, best purchase I've made this year.",2
"This course arrived quickly and works flawlessly, totally worth every penny.",2
"This backpack was really great, and I'm very satisfied.",2
"The delivery is an average option, no complaints or praise really.",1
"I have mixed feelings about this tablet, average performance overall.",1
"The package didn't work at all, very unsatisfied overall.",0
"This chair was really great, exactly what I needed.",2
"The quality of this game is poor, nothing works properly.",0
"I can't stop recommending the phone, best purchase I've made this year.",2
"This software performs adequately, meets basic requirements.",1
"I regret ever buying the bicycle, very unsatisfied overall.",0
"I'm impressed by this app, exactly what I needed.",2
"This game performs adequately, it's fine for everyday use.",1
"The monitor arrived as ordered, it's just average.",1
"I'm very disappointed with this app, total failure, do not buy.",0
"The customer support is okay, no surprises here.",1
"I regret ever buying this software, nothing works properly.",0
"This chair didn't work at all, worst purchase I've made.",0
"I had a horrible experience with this tablet, not worth the price at all.",0
"The phone is awful, very unsatisfied overall.",0
"The speaker arrived as ordered, average performance overall.",1
"This laptop is okay, nothing special about it.",1
"I'm so happy with this course platform, totally worth every penny.",2
"The shoes is a decent choice, no surprises here.",1
"This blender is similar to other options, no surprises here.",1
"The shoes works as expected, nothing special about it.",1
"The router is exactly what I hoped for, best purchase I've made this year.",2
"This book works fine for basic needs, nothing more nothing less.",1
"The shoes works fine for basic needs, it's just average.",1
"I had a horrible experience with this backpack, worst purchase I've made.",0
"This mattress arrived quickly and works flawlessly, it's outstanding overall.",2
"The camera has excellent quality, I would definitely recommend it.",2
"The shoes is an average option, meets basic requirements.",1
"The vacuum cleaner is fine, standard packaging and delivery.",1
"The shoes arrived damaged, support ignored me completely.",0
"This tablet exceeded my expectations, it works perfectly every time.",2
"The speaker arrived damaged, I regret this purchase.",0
"The headphones is okay, no complaints or praise really.",1
"This laptop is an average option, it's just average.",1
"This chair was a complete letdown, nothing works properly.",0
"This umbrella arrived quickly and works flawlessly, I'm extremely pleased with it.",2
"I'm very disappointed with this software, I regret this purchase.",0
"The speaker is okay, for what it offers.",1
"This course platform is fine, no surprises here.",1
"The printer arrived quickly and works flawlessly, totally worth every penny.",2
"The bicycle was late and broken, support ignored me completely.",0
"This app is okay, nothing more nothing less.",1
"This charger was terrible, total failure, do not buy.",0
"The quality of this online store is poor, total failure, do not buy.",0
"I'm frustrated with this jacket, total failure, do not buy.",0
"The package arrived as ordered, no complaints or praise really.",1
"The watch is awful, worst purchase I've made.",0
"This tablet performs better than I imagined, totally worth every penny.",2
"The router is awful, nothing works properly.",0
"The vacuum cleaner didn't work at all, total failure, do not buy.",0
"The delivery arrived quickly and works flawlessly, couldn't be happier with the result.",2
"This blender is okay, no surprises here.",1
"The vacuum cleaner exceeded my expectations, couldn't be happier with the result.",2
"I'm frustrated with the vacuum cleaner, worst purchase I've made.",0
"The router failed to meet even basic expectations, not worth the price at all.",0
"The quality of the printer is superb, best purchase I've made this year.",2
"This software matched the description, standard packaging and delivery.",1
"The customer support is fine, standard packaging and delivery.",1
"This app was a complete letdown, nothing works properly.",0
"The restaurant was a complete letdown, I regret this purchase.",0
"This umbrella stopped working after one day, completely unusable.",0
"The shoes is neither impressive nor bad, meets basic requirements.",1
"The service stopped working after one day, very unsatisfied overall.",0
"The router performs better than I imagined, I'm extremely pleased with it.",2
"The headphones does the job, no surprises here.",1
"I received this app on time, no complaints or praise really.",1
"The price of this tool is reasonable, meets basic requirements.",1
"The phone does the job, for what it offers.",1
"This tool is low quality, completely unusable.",0
"The delivery works as expected, no complaints or praise really.",1
"I'm impressed by this laptop, exactly what I needed.",2
"The camera is awful, total failure, do not buy.",0
"This mattress works as expected, it's just average.",1
"This subscription arrived quickly and works flawlessly, I would definitely recommend it.",2
"This umbrella does the job, average performance overall.",1
"The hotel is an average option, no complaints or praise really.",1
"The printer works fine for basic needs, meets basic requirements.",1
"This umbrella arrived as ordered, no complaints or praise really.",1
"The car is fine, it's fine for everyday use.",1
"I'm very disappointed with the customer support, worst purchase I've made.",0
"The keyboard was late and broken, not worth the price at all.",0
"The price of the phone is reasonable, standard packaging and delivery.",1
"I regret ever buying this laptop, very upsetting experience.",0
"The quality of the router is poor, completely unusable.",0
"This tablet is awful, and a complete waste of money.",0
"The price of the camera is reasonable, average performance overall.",1
"This game performs adequately, no surprises here.",1
"The keyboard is low quality, support ignored me completely.",0
"The quality of this software is poor, total failure, do not buy.",0
"I have mixed feelings about this umbrella, for what it offers.",1
"The restaurant stopped working after one day, total failure, do not buy.",0
"The keyboard failed to meet even basic expectations, worst purchase I've made.",0
"The watch didn't work at all, very upsetting experience.",0
"This course is low quality, support ignored me completely.",0
"This game arrived damaged, total failure, do not buy.",0
"The price of this tool is reasonable, no complaints or praise really.",1
"I received this tablet on time, it's fine for everyday use.",1
"I love the monitor, I'm extremely pleased with it.",2
"I'm impressed by this subscription, I'm extremely pleased with it.",2
"The monitor is neither impressive nor bad, no surprises here.",1
"The package has excellent quality, I'm extremely pleased with it.",2
"The quality of this blender is poor, not worth the price at all.",0
"This book is amazing, absolutely fantastic experience.",2
"This online store is similar to other options, average performance overall.",1
"The watch is awful, very upsetting experience.",0
"The hotel performs better than I imagined, it works perfectly every time.",2
"The hotel matched the description, average performance overall.",1
"This chair failed to meet even basic expectations, completely unusable.",0
"This laptop is similar to other options, it's just average.",1
"This online store does the job, nothing special about it.",1
"I have mixed feelings about this tool, for what it offers.",1
"This course has excellent quality, totally worth every penny.",2
"The router is a decent choice, meets basic requirements.",1
"The bicycle does the job, standard packaging and delivery.",1
"This tool was terrible, total failure, do not buy.",0
"This chair is neither impressive nor bad, average performance overall.",1
"This backpack arrived as ordered, for what it offers.",1
"This movie was a complete letdown, completely unusable.",0
"The delivery is exactly what I hoped for, absolutely fantastic experience.",2
"The printer is amazing, I would definitely recommend it.",2
"The printer is an average option, meets basic requirements.",1
"The package is low quality, nothing works properly.",0
"This backpack is a decent choice, nothing more nothing less.",1
"I had a horrible experience with the car, very unsatisfied overall.",0
"The restaurant works like a charm, it works perfectly every time.",2
"I'm impressed by the bicycle, it works perfectly every time.",2
"I had a horrible experience with the delivery, very unsatisfied overall.",0
"I'm very disappointed with the restaurant, very upsetting experience.",0
"This app works like a charm, it works perfectly every time.",2
"This laptop failed to meet even basic expectations, total failure, do not buy.",0
"This charger is amazing, absolutely fantastic experience.",2
"The bicycle was a complete letdown, and a complete waste of money.",0
"The quality of this online store is poor, completely unusable.",0
"The quality of this mattress is superb, totally worth every penny.",2
"This chair is useless, support ignored me completely.",0
"This mattress arrived as ordered, nothing special about it.",1
"This tool stopped working after one day, I regret this purchase.",0
"The vacuum cleaner works as expected, standard packaging and delivery.",1
"The hotel was late and broken, very unsatisfied overall.",0
"I'm so happy with the speaker, it works perfectly every time.",2
"The printer matched the description, for what it offers.",1
"I'm so happy with the gym membership, I'm extremely pleased with it.",2
"I received this movie on time, it's just average.",1
"This game is low quality, total failure, do not buy.",0
"This tablet exceeded my expectations, absolutely fantastic experience.",2
"This movie made everything so much easier, absolutely fantastic experience.",2
"This tool is fine, average performance overall.",1
"This movie has excellent quality, I would definitely recommend it.",2
"I have mixed feelings about this product, it's just average.",1
"This umbrella exceeded my expectations, and I'm very satisfied.",2
"This book made everything so much easier, I would definitely recommend it.",2
"This book is neither impressive nor bad, nothing special about it.",1
"The phone is neither impressive nor bad, no complaints or praise really.",1
"The watch is okay, no surprises here.",1
"The phone is fine, average performance overall.",1
"The speaker works as expected, standard packaging and delivery.",1
"The delivery arrived quickly and works flawlessly, and I'm very satisfied.",2
"I love the headphones, couldn't be happier with the result.",2
"I can't stop recommending the customer support, absolutely fantastic experience.",2
"I regret ever buying the shoes, completely unusable.",0
"The phone matched the description, nothing special about it.",1
"This course platform does the job, for what it offers.",1
"This mattress is okay, standard packaging and delivery.",1
"This online store is fantastic, I would definitely recommend it.",2
"I'm impressed by this movie, absolutely fantastic experience.",2
"The quality of this umbrella is poor, worst purchase I've made.",0
"This app is amazing, exactly what I needed.",2
"I'm frustrated with the service, not worth the price at all.",0
"The customer support is fantastic, exactly what I needed.",2
"The package is awful, very upsetting experience.",0
"I love the vacuum cleaner, totally worth every penny.",2
"This software performs adequately, no surprises here.",1
"This course platform is similar to other options, it's just average.",1
"The monitor was a complete letdown, very upsetting experience.",0
"The headphones matched the description, for what it offers.",1
"The printer works as expected, no complaints or praise really.",1
"The hotel exceeded my expectations, best purchase I've made this year.",2
"This jacket is exactly what I hoped for, I would definitely recommend it.",2
"The phone does the job, meets basic requirements.",1
"I love this product, and I'm very satisfied.",2
"I regret ever buying this charger, and a complete waste of money.",0
"The bicycle works like a charm, best purchase I've made this year.",2
"The delivery is useless, and a complete waste of money.",0
"This game was really great, best purchase I've made this year.",2
"This software failed to meet even basic expectations, support ignored me completely.",0
"This product was really great, absolutely fantastic experience.",2
"This laptop was really great, it's outstanding overall.",2
"I love the package, absolutely fantastic experience.",2
"I'm impressed by this chair, exactly what I needed.",2
"This umbrella is a decent choice, for what it offers.",1
"The keyboard arrived quickly and works flawlessly, exactly what I needed.",2
"I'm frustrated with the phone, total failure, do not buy.",0
"The speaker works fine for basic needs, no complaints or praise really.",1
"This course platform has excellent quality, I would definitely recommend it.",2
"This software is similar to other options, nothing special about it.",1
"This product is amazing, and I'm very satisfied.",2
"The printer was terrible, very unsatisfied overall.",0
"I regret ever buying this laptop, and a complete waste of money.",0
"The delivery matched the description, it's just average.",1
"This tool is awful, completely unusable.",0
"This course platform does the job, it's just average.",1
"This software is neither impressive nor bad, nothing special about it.",1
"The quality of the package is poor, not worth the price at all.",0
"I'm impressed by the printer, couldn't be happier with the result.",2
"This product is fine, it's fine for everyday use.",1
"This mattress made everything so much easier, absolutely fantastic experience.",2
"The restaurant is an average option, it's fine for everyday use.",1
"This course works like a charm, couldn't be happier with the result.",2
"This umbrella is fantastic, couldn't be happier with the result.",2
"This online store made everything so much easier, totally worth every penny.",2
"This app is fine, meets basic requirements.",1
"This course platform is amazing, totally worth every penny.",2
"This charger exceeded my expectations, best purchase I've made this year.",2
"The restaurant works as expected, no surprises here.",1
"This course platform was terrible, support ignored me completely.",0
"The watch didn't work at all, very unsatisfied overall.",0
"The price of this tablet is reasonable, it's fine for everyday use.",1
"I have mixed feelings about the car, nothing more nothing less.",1
"This chair arrived damaged, very unsatisfied overall.",0
"I'm impressed by the headphones, couldn't be happier with the result.",2
"I can't stop recommending this course platform, it works perfectly every time.",2
"The shoes does the job, meets basic requirements.",1
"This movie was late and broken, very unsatisfied overall.",0
"This chair works fine for basic needs, no surprises here.",1
"I had a horrible experience with this tool, total failure, do not buy.",0
"I'm very disappointed with this online store, nothing works properly.",0
"The gym membership made everything so much easier, it works perfectly every time.",2
"This blender failed to meet even basic expectations, support ignored me completely.",0
"This tablet is awful, very upsetting experience.",0
"This jacket has excellent quality, it works perfectly every time.",2
"This backpack is neither impressive nor bad, meets basic requirements.",1
"The headphones arrived as ordered, it's just average.",1
"The delivery didn't work at all, nothing works properly.",0
"I received the shoes on time, it's just average.",1
"This course platform has excellent quality, best purchase I've made this year.",2
"I had a horrible experience with this backpack, not worth the price at all.",0
"This subscription is useless, not worth the price at all.",0
"The package matched the description, nothing special about it.",1
"The shoes was a complete letdown, very unsatisfied overall.",0
"This chair matched the description, it's just average.",1
"The gym membership does the job, no complaints or praise really.",1
"The vacuum cleaner is okay, standard packaging and delivery.",1
"The restaurant was really great, it works perfectly every time.",2
"This mattress performs better than I imagined, I would definitely recommend it.",2
"I'm impressed by the bicycle, exactly what I needed.",2
"This backpack was really great, I'm extremely pleased with it.",2
"The package made everything so much easier, and I'm very satisfied.",2
"The camera arrived damaged, support ignored me completely.",0
"I love the bicycle, I'm extremely pleased with it.",2
"I received the customer support on time, nothing more nothing less.",1
"The shoes is okay, for what it offers.",1
"The hotel is okay, no complaints or praise really.",1
"The camera is low quality, total failure, do not buy.",0
"The monitor works like a charm, exactly what I needed.",2
"This laptop has excellent quality, it's outstanding overall.",2
"The package didn't work at all, total failure, do not buy.",0
"The phone is amazing, exactly what I needed.",2
"I'm frustrated with this book, total failure, do not buy.",0
"I'm so happy with this book, I'm extremely pleased with it.",2
"This charger is fine, for what it offers.",1
"The printer was terrible, nothing works properly.",0
"The phone exceeded my expectations, it works perfectly every time.",2
"The vacuum cleaner is low quality, completely unusable.",0
"This course failed to meet even basic expectations, worst purchase I've made.",0
"The headphones is low quality, nothing works properly.",0
"The watch is exactly what I hoped for, it works perfectly every time.",2
"This blender is amazing, best purchase I've made this year.",2
"The car was really great, absolutely fantastic experience.",2
"The customer support matched the description, nothing special about it.",1
"This course platform exceeded my expectations, totally worth every penny.",2
"The vacuum cleaner didn't work at all, worst purchase I've made.",0
"This course stopped working after one day, and a complete waste of money.",0
"The monitor arrived as ordered, standard packaging and delivery.",1
"This jacket arrived damaged, not worth the price at all.",0
"I'm impressed by this blender, exactly what I needed.",2
"The camera is exactly what I hoped for, it works perfectly every time.",2
"The quality of the watch is poor, total failure, do not buy.",0
"The printer stopped working after one day, I regret this purchase.",0
"This movie is amazing, it works perfectly every time.",2
"The headphones works fine for basic needs, no complaints or praise really.",1
"This umbrella is an average option, nothing special about it.",1
"The keyboard works fine for basic needs, standard packaging and delivery.",1
"This product is amazing, totally worth every penny.",2
"The price of the keyboard is reasonable, standard packaging and delivery.",1
"This product is low quality, I regret this purchase.",0
"This product has excellent quality, and I'm very satisfied.",2
"This course works fine for basic needs, nothing special about it.",1
"The printer arrived as ordered, meets basic requirements.",1
"I'm frustrated with the delivery, worst purchase I've made.",0
"I received this chair on time, it's just average.",1
"The watch matched the description, average performance overall.",1
"This jacket is useless, very unsatisfied overall.",0
"This game stopped working after one day, very unsatisfied overall.",0
"This game exceeded my expectations, best purchase I've made this year.",2
"The package is neither impressive nor bad, it's just average.",1
"The watch works like a charm, best purchase I've made this year.",2
"The router is low quality, very unsatisfied overall.",0
"This jacket is a decent choice, for what it offers.",1
"This charger made everything so much easier, and I'm very satisfied.",2
"This book is a decent choice, nothing more nothing less.",1
"The monitor is similar to other options, nothing special about it.",1
"The printer is amazing, couldn't be happier with the result.",2
"The headphones does the job, standard packaging and delivery.",1
"I love this course, couldn't be happier with the result.",2
"I can't stop recommending the restaurant, it's outstanding overall.",2
"This game failed to meet even basic expectations, nothing works properly.",0
"I received the car on time, nothing special about it.",1
"The delivery works like a charm, absolutely fantastic experience.",2
"The printer is awful, very unsatisfied overall.",0
"This online store is an average option, nothing special about it.",1
"This tool performs adequately, meets basic requirements.",1
"I had a horrible experience with the monitor, and a complete waste of money.",0
"The service didn't work at all, and a complete waste of money.",0
"This tool is amazing, I'm extremely pleased with it.",2
"This course was terrible, I regret this purchase.",0
"The monitor performs adequately, no surprises here.",1
"I'm impressed by the monitor, totally worth every penny.",2
"The package was late and broken, very upsetting experience.",0
"This tablet is useless, very unsatisfied overall.",0
"This jacket stopped working after one day, completely unusable.",0
"This laptop is amazing, it works perfectly every time.",2
"The keyboard is okay, meets basic requirements.",1
"The vacuum cleaner is awful, very upsetting experience.",0
"I can't stop recommending the vacuum cleaner, totally worth every penny.",2
"This umbrella was really great, I'm extremely pleased with it.",2
"The watch works as expected, meets basic requirements.",1
"The printer is useless, and a complete waste of money.",0
"This chair stopped working after one day, support ignored me completely.",0
"This online store arrived quickly and works flawlessly, it works perfectly every time.",2
"This app didn't work at all, worst purchase I've made.",0
"The hotel is exactly what I hoped for, it's outstanding overall.",2
"The monitor was a complete letdown, support ignored me completely.",0
"This course platform is amazing, it works perfectly every time.",2
"The headphones is a decent choice, average performance overall.",1
"The customer support is fine, nothing special about it.",1
"This subscription failed to meet even basic expectations, very unsatisfied overall.",0
"This blender arrived as ordered, nothing more nothing less.",1
"The car works as expected, it's just average.",1
"I received the delivery on time, for what it offers.",1
"This movie was a complete letdown, not worth the price at all.",0
"This app made everything so much easier, I would definitely recommend it.",2
"This app works fine for basic needs, nothing special about it.",1
"I regret ever buying this jacket, and a complete waste of money.",0
"The vacuum cleaner was terrible, not worth the price at all.",0
"The package is fine, for what it offers.",1
"This book is useless, worst purchase I've made.",0
"The hotel is similar to other options, it's just average.",1
"The watch didn't work at all, total failure, do not buy.",0
"I had a horrible experience with the hotel, worst purchase I've made.",0
"This subscription works as expected, no complaints or praise really.",1
"This charger made everything so much easier, best purchase I've made this year.",2
"The service performs adequately, for what it offers.",1
"The printer is fine, standard packaging and delivery.",1
"I'm impressed by the shoes, it works perfectly every time.",2
"I received the bicycle on time, no complaints or praise really.",1
"This umbrella is similar to other options, nothing more nothing less.",1
"The printer does the job, for what it offers.",1
"This laptop is useless, worst purchase I've made.",0
"I have mixed feelings about this course platform, meets basic requirements.",1
"This jacket matched the description, it's just average.",1
"The camera is awful, very upsetting experience.",0
"This online store is useless, very unsatisfied overall.",0
"The router arrived quickly and works flawlessly, and I'm very satisfied.",2
"The quality of this subscription is poor, support ignored me completely.",0
"I regret ever buying the vacuum cleaner, support ignored me completely.",0
"I'm very disappointed with this software, very unsatisfied overall.",0
"This backpack arrived damaged, I regret this purchase.",0
"This movie is an average option, standard packaging and delivery.",1
"The router is okay, nothing more nothing less.",1
"I'm impressed by this course platform, exactly what I needed.",2
"The hotel was terrible, total failure, do not buy.",0
"This book does the job, meets basic requirements.",1
"This course stopped working after one day, not worth the price at all.",0
"This course is useless, total failure, do not buy.",0
"I'm so happy with this umbrella, it's outstanding overall.",2
"The keyboard stopped working after one day, and a complete waste of money.",0
"This course was terrible, total failure, do not buy.",0
"The delivery made everything so much easier, best purchase I've made this year.",2
"The customer support arrived quickly and works flawlessly, totally worth every penny.",2
"The keyboard works fine for basic needs, average performance overall.",1
"I'm impressed by this umbrella, best purchase I've made this year.",2
"This laptop performs better than I imagined, and I'm very satisfied.",2
"I love this umbrella, it's outstanding overall.",2
"I had a horrible experience with the camera, not worth the price at all.",0
"I can't stop recommending the phone, exactly what I needed.",2
"I'm impressed by this subscription, couldn't be happier with the result.",2
"I'm impressed by this movie, couldn't be happier with the result.",2
"I can't stop recommending this jacket, it works perfectly every time.",2
"I can't stop recommending the router, it works perfectly every time.",2
"I have mixed feelings about the service, it's just average.",1
"I have mixed feelings about the gym membership, nothing special about it.",1
"This umbrella was really great, totally worth every penny.",2
